age_group,orientation,genero,Veteran,feature_0,feature_1,feature_2,feature_3,feature_4,feature_5,feature_6,feature_7,feature_8,feature_9,target
51-65,Bisexual,F,No,C,C,B,D,43.15448406621845,56.70217897630193,A,-169.44403990115745,87.82790174167036,-100.37283264693599,1
18-25,Heterosexual,M,Veteran,E,E,A,D,40.90069703927268,78.5842659832436,D,13.790905348450988,-17.592954604966668,94.96855643706806,0
65+,Other,F,Veteran,E,C,D,B,-21.948904941627987,-4.371909279485933,B,90.1556546885155,86.10306185431288,25.725826769274963,1
26-35,Bisexual,M,Veteran,A,C,A,C,-204.33226751819706,17.901416102217123,C,-82.0325646317149,-115.30230886016719,6.322110279426936,0
51-65,Homosexual,Male,No,D,E,E,B,61.65489638337477,-12.367086435356038,B,-0.9654936911425891,134.4592729578141,28.336359116465054,1
36-50,Bisexual,M,Yes,D,A,C,C,-23.687448402725668,-63.757114409117065,E,130.13010772828838,-33.20712172113524,-108.27519910207184,0
51-65,Bisexual,Male,Veteran,E,E,D,E,-149.60709244192748,-37.89169966012088,B,-60.83268436898801,-112.86050744424875,119.30274224352708,1
26-35,Bisexual,M,No,B,E,A,C,120.28883718193111,-241.073798715583,D,-57.53480328538182,-135.44962277989413,-50.00464941804512,0
51-65,Heterosexual,Male,No,B,C,D,B,98.99561573892814,116.93780225040642,A,349.9881142130987,-61.41489052857971,-211.5135323303054,1
36-50,Bisexual,Non-binary,Veteran,C,D,A,D,46.717863984313475,-22.298626707525752,C,-54.59730639823277,-62.334380203834414,-126.97316664537581,1
18-25,Other,Other,Veteran,D,A,B,C,-23.34123415589912,-18.596876739362685,E,41.431086051752224,49.61729220626421,-96.78895634780008,1
65+,Bisexual,F,Veteran,E,A,E,C,45.641263184094576,-71.07591672567666,B,-169.634535405011,-60.12477395041702,-102.87797580275439,1
51-65,Other,Female,Non-Veteran,E,E,B,E,-114.73565758183146,-81.82989052086023,D,-42.42530146890299,27.63514294768388,66.56057642936106,1
26-35,Homosexual,M,Non-Veteran,C,C,B,B,-100.13961979783986,-123.32021225771052,E,-15.45497928123699,206.50921863040165,-52.51235568003574,0
65+,Bisexual,Non-binary,No,D,D,D,B,7.662762487937254,-158.02418733987633,C,31.546975012132673,-82.10050756216661,191.27810372326232,1
65+,Homosexual,Non-binary,Yes,D,D,A,D,23.17785723865623,-78.08841764153283,E,34.704335576314286,31.31731717047365,11.425034275179025,0
18-25,Bisexual,Male,Yes,E,E,C,B,120.84971199028263,16.39403714518287,B,3.894417123287862,163.8137936394508,108.18461504683508,0
51-65,Heterosexual,F,Non-Veteran,B,E,B,B,58.72372920596264,-7.071103019363623,A,13.77950761726743,-4.307468065989912,-19.690319898075483,1
18-25,Homosexual,Male,No,E,A,E,E,-128.58990079744152,3.3848590975295996,A,29.334282979239525,126.71228780380002,-86.51270072593678,1
36-50,Bisexual,Female,Veteran,E,D,B,C,40.018790912356195,-83.87621891203274,A,155.6923672019573,-173.466904893708,-226.10543762415628,0
36-50,Other,Female,Yes,D,A,C,D,-93.10815660240543,97.28277817236285,B,-41.32768837968261,22.916625518215756,74.62206363629164,1
65+,Other,Other,Yes,E,E,E,A,-28.87382953307317,-126.53733855458799,B,62.26717239134156,111.80258048539962,73.3711806804212,1
18-25,Other,Other,Yes,A,A,E,D,-51.58004314612843,168.25303189319644,D,19.932700893747143,-28.907095460591098,-140.9778823979499,1
26-35,Homosexual,Other,No,E,A,D,B,-23.929916663965596,1.282669270925694,E,103.81313295635151,3.8188996193875466,123.84761086438346,0
18-25,Homosexual,Other,Veteran,E,D,B,B,47.514777481301714,-6.911543946888397,C,119.28372176972685,113.41401416452437,72.2783751721714,1
51-65,Heterosexual,Other,No,E,A,D,E,-132.56782274848212,-42.66009739504453,E,1.9721879999521148,-11.554751980959349,-114.8082135580365,1
18-25,Homosexual,F,No,C,C,B,D,-40.41664543151336,-115.92284947234978,D,-61.280471743415944,5.886800683970075,82.35677874913394,1
26-35,Bisexual,F,Veteran,E,E,B,D,-15.531656461490487,63.714757171482404,B,335.89656346645455,-18.678431047747086,6.833690390886436,1
65+,Other,Male,No,E,B,A,B,-63.61290671101554,-12.071074670606501,D,-61.88178522545578,-68.42945978557562,-117.51918670505815,1
18-25,Homosexual,Male,Yes,D,A,A,C,-41.491082524514574,-65.93649108981307,A,6.0148742879471975,-57.337722682295265,102.44087791478655,0
18-25,Other,Female,Yes,C,A,A,E,-202.98599264489664,54.10930096545845,A,59.66331078614437,-133.935161029427,59.99499310083265,1
18-25,Heterosexual,Non-binary,No,D,E,D,A,151.70286833745288,-44.96138745407436,A,-52.30690689154228,32.935255205047895,-41.73931560475252,0
65+,Homosexual,F,Yes,D,B,E,A,-19.685640152085355,-7.34744186347345,E,29.54396288300106,-127.89776867626175,21.74409617065285,1
36-50,Homosexual,M,No,A,A,C,C,9.73846178458482,35.332714881498774,D,-103.03683270968345,8.979962968214535,-5.434417244846659,1
51-65,Heterosexual,Female,Yes,D,A,B,D,-88.31173534559869,-123.08664950767205,E,44.8715406506743,4.270866513598761,136.5986553491652,0
65+,Other,Other,No,B,B,D,C,-31.536312718471464,32.2965759472885,C,37.110274359282705,4.806951730927815,73.45935589469984,0
18-25,Homosexual,Other,Yes,D,D,C,D,-95.33220737578401,211.1675101832254,D,30.45009361230685,-34.030459662609665,-34.887996198702794,0
26-35,Bisexual,Female,Veteran,A,A,D,A,-11.333833867928037,34.77715421825952,B,114.40150110159195,54.18463534101316,29.858017550345146,1
36-50,Other,F,No,D,C,A,E,-34.767388956270224,237.1122379786574,E,20.14904537881495,34.76636553758577,-117.89711991221307,0
65+,Other,Male,Veteran,E,C,D,A,-139.62743687502694,69.33064168313719,E,-5.998355641165377,-45.2613646118386,53.382037360829756,0
18-25,Bisexual,F,Non-Veteran,C,E,B,B,137.0848047152244,159.93933418261378,B,53.43137597350476,96.51419925969256,169.38079083136978,1
18-25,Other,F,Veteran,B,B,E,C,-50.25753223821335,-231.77151419283274,A,166.0949047900688,214.4421144457834,-37.14484164368729,0
36-50,Heterosexual,Female,Veteran,C,E,B,D,-21.943786843822267,-107.37712514495522,C,2.2215198812505865,-65.86732318778171,189.21518225415193,0
26-35,Homosexual,F,Veteran,D,D,D,D,-84.04538184302027,54.6861124123561,C,-21.0666687841229,7.244955938183829,-186.7219667234231,0
51-65,Bisexual,Female,No,E,D,C,C,-16.368387218589646,21.53199008358567,D,61.327446371034746,172.1804577945769,-19.236879950994663,0
51-65,Bisexual,M,No,C,A,D,C,-145.42031850088185,62.25416157766628,C,50.280933760771276,-112.81398639309965,53.95426762321832,0
65+,Homosexual,F,No,E,A,D,E,-138.0762192396733,124.25638706897242,C,-215.79669328511045,-173.80233392241027,35.113052734906994,0
51-65,Homosexual,Non-binary,No,B,C,D,E,-85.94465762250645,-108.75795112517758,C,189.34954865220394,83.71521641395428,-101.75100242684043,1
51-65,Heterosexual,M,No,E,A,E,C,94.86885782635493,31.081589564412837,D,-56.53138191386302,-11.397568606773419,32.49492910611133,0
36-50,Heterosexual,F,Non-Veteran,C,A,A,E,-50.40322102240662,43.35904647390385,B,-25.023742348151533,195.88418830535048,49.95846601193334,1
18-25,Homosexual,M,Non-Veteran,E,D,A,D,144.39842494628928,55.891498493536204,B,-85.19937629195017,80.37910984468779,-122.64939770310413,1
36-50,Other,F,No,D,D,B,B,-221.08783405740508,-83.83750413857013,C,-132.48384987494518,36.30313991970395,34.23216934790319,0
65+,Heterosexual,F,Yes,B,C,C,A,-34.82858013419846,-46.865858959852815,A,-36.93472729173866,-11.373085824917405,159.12217575967992,1
65+,Other,Female,Veteran,B,E,C,B,109.26894079354639,89.24514840580498,E,-92.89198475448089,13.550844884625507,-156.47149537262214,1
51-65,Heterosexual,F,Veteran,D,B,B,B,207.51099416338684,110.31332811416708,C,-151.80175235121845,-70.3413555165683,-77.65745622690386,1
51-65,Homosexual,Other,Yes,A,B,A,D,-12.708616129408776,-50.31113614194496,B,-102.21525865667248,-16.767028082985387,121.85307171889332,1
26-35,Heterosexual,M,Non-Veteran,A,B,D,B,-126.05464680507923,95.04754344098416,D,-39.19441342026588,131.22702177919749,-2.6473229698197733,1
36-50,Homosexual,Non-binary,No,D,D,B,C,85.53071125619066,98.57833469010319,D,-53.895330063071846,180.6841648102324,-2.172091653872288,1
51-65,Heterosexual,Non-binary,No,C,E,E,C,56.933439076848856,-29.22787146416764,D,-69.46988179726162,142.91802867296983,20.296528004977016,0
36-50,Other,Male,Yes,E,A,E,B,-106.6222849999581,12.176429619409156,C,133.96131121387583,-134.60004605363466,2.1639534896753,0
36-50,Heterosexual,Female,No,D,D,B,B,-171.47682739405002,21.399484774191862,C,15.91844567766435,60.59029436014225,12.272298941589192,0
65+,Bisexual,Non-binary,Veteran,C,C,E,C,33.68143299922269,11.846601393823796,E,-31.263761963192398,-171.2932884898229,-40.447906962595574,1
51-65,Heterosexual,M,Veteran,E,D,D,E,-86.82380690950518,108.54474415230888,E,184.01148163253666,81.31892360375207,33.974780202955515,0
18-25,Other,Other,Veteran,C,A,A,E,-20.531208750007867,22.678901141310135,B,16.205771701529123,-47.149341274899534,-43.865269429214784,0
51-65,Other,Other,No,D,B,A,B,-16.774299136039858,247.6387347633279,E,-127.83382399765205,-0.5801676800056357,-35.24069663632373,1
18-25,Homosexual,Female,Veteran,C,D,C,E,2.518978964397715,-51.35831356800363,A,-127.74278875687082,42.46767452057512,-33.95861005487154,0
26-35,Other,Female,Non-Veteran,D,C,B,A,-27.0774540973498,-94.95129050034862,A,-3.071579680901534,90.11355334643788,-74.01155297616685,0
36-50,Heterosexual,M,No,C,E,A,E,-24.643599923953428,94.75074977829311,A,62.77777234880572,91.09724295980543,-42.529591796601316,0
18-25,Bisexual,Other,Yes,B,B,B,B,69.05630291135141,-65.40151395321885,B,-211.76699490718826,-86.76988049419005,201.87045740697317,1
51-65,Homosexual,Other,Yes,B,A,B,C,104.02516727685318,47.849663928182515,D,38.38120637736825,-171.6354710251368,-100.88619432807147,0
36-50,Other,M,No,A,D,A,A,20.811709519066966,21.045912440193167,D,69.62642155437341,-60.6027707163202,-80.36343609774373,0
18-25,Bisexual,Non-binary,No,B,D,C,D,-40.19901890395706,107.6128802668008,A,140.03082716092723,23.93486492196377,60.54490073892035,1
36-50,Heterosexual,Male,Veteran,B,B,A,B,13.00159473464308,72.62825324346971,C,6.951765951499699,136.90694952851595,-50.15836064667625,0
51-65,Homosexual,Female,Veteran,D,E,C,B,-174.11253150097104,-157.2366673201387,E,-113.6192237055586,-28.94626989962082,32.51333438489263,0
51-65,Heterosexual,Other,Non-Veteran,E,E,D,E,-147.50470375926488,-61.694420211615586,C,185.42136971938626,82.33469461060949,49.083146745420194,1
18-25,Other,F,Non-Veteran,A,A,E,A,100.5224126357763,-30.419762111377267,E,38.01925521421425,-83.86340825762187,-38.05527247267871,1
65+,Bisexual,Other,No,B,C,E,E,-88.20657119867475,218.0294283082815,A,87.24040474456154,-125.77481132996986,-198.88362773135947,0
18-25,Other,F,Veteran,E,B,B,B,82.57377579188642,-159.1957100099998,D,-90.34506303444438,13.273736723496487,9.570731291415209,0
36-50,Heterosexual,Female,Yes,D,A,A,C,17.403896091047255,-39.503616599804204,E,146.99820961978867,-157.74117374118893,-18.270344946993884,0
18-25,Bisexual,Male,Veteran,A,B,C,E,94.91139231547959,18.776526136386774,A,-49.232219795011346,-41.08390993405238,7.456032278639231,0
18-25,Homosexual,M,Non-Veteran,A,D,E,E,-20.055341596606464,-22.442977091963947,C,-37.71405951179337,-126.83593433485301,-168.47328935976884,1
36-50,Homosexual,M,No,C,D,B,D,79.25375691866675,-15.270147163076123,B,-99.38239349937675,-137.93334749560262,138.5124915035644,0
65+,Homosexual,Male,Non-Veteran,A,C,A,A,1.655311095362167,62.81366507986751,B,-47.631702514330044,7.58909623050972,-69.29119520474684,0
26-35,Homosexual,Non-binary,Yes,D,A,A,D,107.01580291055235,29.03457556783689,D,-82.12521499281684,-150.87960893578332,62.636888994595466,0
36-50,Homosexual,Female,Yes,A,A,E,A,121.35108863069294,181.3414861320249,D,-10.749080019547797,-35.219954988987176,-103.37162278718755,0
51-65,Bisexual,F,Veteran,B,C,D,C,-27.12336247245727,188.83615078865574,D,-143.17333172204778,119.88012992881183,15.162778870879404,1
51-65,Heterosexual,Female,Veteran,A,E,D,C,46.45800657654897,85.75198253049811,B,100.28535648703365,3.0399102985631945,-154.43808947422016,1
51-65,Homosexual,Female,No,A,A,C,D,-47.609204587445646,35.064969367559435,E,-45.602985834706224,-39.76349926833374,87.16180634398656,1
51-65,Other,M,Non-Veteran,A,A,D,E,12.089243109311546,58.660095444373795,D,66.73681410032444,143.00614106740937,-126.32518337301654,0
51-65,Homosexual,Female,No,D,D,E,C,-99.77204049920604,24.121190801128886,A,-73.05117832652331,29.630214944183557,59.2685030530658,1
65+,Homosexual,Other,Non-Veteran,C,D,B,D,-151.809785513728,162.98577024785945,D,-94.15397107894657,38.06409672876611,105.48183998047406,1
65+,Homosexual,Other,No,C,E,B,A,48.76879990753221,-118.95177910379773,A,-124.36258324534397,49.63929083371533,-89.45782249622208,0
36-50,Bisexual,Male,No,C,D,B,A,150.76574714133716,85.99904069839772,D,-83.58801679211729,-25.96911209972393,76.07912114441008,1
65+,Bisexual,Female,Veteran,E,A,B,C,-144.20276749859678,133.96960529193976,A,51.375598130930754,49.27830100361111,26.955143606668443,1
51-65,Homosexual,F,Non-Veteran,E,D,A,B,-55.69882803221423,87.44646291688528,A,-58.206624398831565,73.55176941351179,-29.26929407495143,1
65+,Bisexual,M,Non-Veteran,E,D,D,A,-139.14795907994198,-12.248953248985359,B,50.72825294285048,3.611327524671025,68.84113976361674,1
51-65,Homosexual,F,Veteran,E,B,B,E,-136.61913723741122,48.615884787704154,B,52.16454820786812,-118.80516087504161,13.220852123128518,0
26-35,Bisexual,Female,No,B,E,C,A,85.87474690642745,-205.93886609461816,A,207.36229481107813,64.43000393601291,-75.38548260120903,0
51-65,Bisexual,F,No,A,E,C,C,-92.40018852685917,11.847360272693285,A,-177.42781764525918,74.65362187255651,-142.57286017941786,0
51-65,Heterosexual,F,No,B,A,E,E,-92.10435112507427,-75.12208009308478,B,1.7855852760661484,-70.85836948428745,130.99850419101224,0
51-65,Homosexual,Female,Yes,C,B,B,C,55.91497832501713,92.0634730775605,E,-86.20265119737472,72.2896655834769,14.509392150902684,1
26-35,Homosexual,Non-binary,Non-Veteran,C,C,B,D,101.98116479842541,-267.4953243562136,D,-113.85144118429211,-36.5694504052789,-82.43105347759997,1
26-35,Bisexual,Other,Non-Veteran,C,E,C,B,289.92172183177786,25.055033179595014,E,-142.75362963458699,115.94649776154246,-239.06905431208764,0
51-65,Homosexual,Non-binary,Veteran,D,A,E,E,-25.3372307416699,-9.853088073790978,A,-153.5516778425262,47.45242520115981,67.17160359628713,1
26-35,Heterosexual,Other,Non-Veteran,C,A,A,B,-21.309372672746846,10.424164788634464,A,-7.9009000400624005,57.40458116671404,12.495710249641217,0
51-65,Heterosexual,Other,No,D,B,D,E,123.12072344302368,20.76905649267297,A,62.72066106063788,78.16871781859865,-52.92980341326986,0
26-35,Other,Female,Non-Veteran,A,A,E,C,69.9967111068298,123.53856575723721,B,18.7317638141945,-162.15597374142007,-32.03958925958759,1
26-35,Homosexual,Female,Yes,D,E,D,B,-37.39632571733619,-142.78808186177028,E,43.97321275490188,154.63709606188948,-103.23693681053724,0
26-35,Homosexual,M,Non-Veteran,E,B,C,A,-57.44349768743241,77.51622176989669,A,155.70173662982793,135.24529647706274,40.737102548662655,0
18-25,Homosexual,F,No,E,A,A,C,-107.7952241949267,23.333199302526396,D,-38.60387679433124,132.37954306391123,97.31162873680978,0
26-35,Heterosexual,Other,Veteran,B,C,A,D,-109.47761337719926,118.33173936481627,A,140.5921951785111,-14.350898027210878,95.3616292100707,0
36-50,Homosexual,M,Veteran,A,E,B,D,-65.93911427948134,177.82591180948737,C,-85.16047882527573,27.690878242459792,55.99900692760394,0
18-25,Other,Female,Non-Veteran,B,C,D,E,168.08410798983547,6.225059327884817,D,-12.392142221015904,135.1867932562706,-153.0795841159684,1
65+,Bisexual,Male,Yes,D,C,C,D,12.23292782715208,7.079355154674351,D,65.82017412207823,67.7954773447338,70.90811017913586,0
36-50,Homosexual,Female,Veteran,C,E,E,B,113.02386110531873,-88.1682182762966,B,-25.376442618690483,-38.912632435931414,-51.757862969423385,1
36-50,Homosexual,F,No,D,D,E,C,43.635590238554016,-294.2989254121274,B,87.13095826406662,-86.00608761452273,146.12321400755587,1
51-65,Bisexual,Female,Veteran,E,E,A,D,204.13797292574492,136.27015506837742,D,43.78430954192264,111.67721915345857,106.41164679574324,0
36-50,Homosexual,Other,Non-Veteran,D,C,B,D,-8.177946833226269,-53.95868906926117,D,-55.56396921272363,-69.78233277224362,19.61266164578938,1
51-65,Other,M,No,C,D,D,C,-106.04032809549433,186.71441516887316,C,-28.692619453443278,47.45758174827628,0.0009131646739401392,0
51-65,Other,Other,Non-Veteran,C,C,B,B,-257.8078190604375,30.31700472001708,E,80.31867627335527,-194.90930499120174,49.94570192079855,1
26-35,Other,Female,No,D,C,E,A,145.4820051570144,-124.31211413415836,B,-0.35061559481190313,88.01213060413279,-71.74241824303623,1
18-25,Bisexual,Non-binary,Non-Veteran,D,C,E,C,71.59162944513862,44.72426931123968,C,-159.73219871738425,129.48608497314996,54.46407984393035,0
18-25,Homosexual,Non-binary,Yes,B,A,C,B,13.817570219868713,-39.24351178430477,D,76.46651566968924,66.6525816788022,115.31892485259414,1
51-65,Other,M,Veteran,C,B,E,A,-21.830754874315357,-78.92079504426862,B,-227.75658952981246,35.89978408553755,204.9920391382801,1
26-35,Homosexual,Male,No,C,D,D,C,30.924897790773947,-62.455001735445414,A,75.81926239382048,56.86616943330699,79.16934762858052,0
18-25,Bisexual,Other,Veteran,D,E,D,D,-103.1099018331554,42.5837355876691,E,59.246167891877214,192.23608382921887,-99.89688461014768,1
65+,Heterosexual,Non-binary,No,D,D,E,A,-51.05731776815033,-174.52451757071438,D,35.23202118301532,52.258807144460626,-18.5104321724426,0
26-35,Heterosexual,F,Non-Veteran,B,A,A,C,-180.2459871674352,104.20295350310602,C,-91.82874493364095,-104.6152594765942,-179.43489760261969,0
36-50,Bisexual,Non-binary,Non-Veteran,C,B,B,B,-62.07980689755498,-200.0875551637575,E,-58.71692704307046,-83.05580876292993,117.75731374507264,0
51-65,Heterosexual,Non-binary,Non-Veteran,D,D,D,B,24.70387117158631,90.03927692458817,D,63.08500729685939,88.65177945193552,233.32061279554566,1
26-35,Homosexual,F,Veteran,D,A,B,D,-40.60535600479606,-111.15986733873396,E,-1.423821207652792,-107.74234757611802,96.28092307987343,0
65+,Heterosexual,F,Veteran,E,B,C,B,55.261315932669945,99.76354863241242,D,-35.78080217537481,38.12892628576311,-54.76456638793837,1
18-25,Bisexual,F,Yes,D,A,C,D,-8.109248026563197,0.3944080189213242,A,-5.733349072822872,128.630328897661,-184.78222011309964,0
65+,Heterosexual,F,Yes,B,D,E,A,66.07704369287605,110.16639291695809,C,39.62016855664237,136.83157458556855,75.83597293882535,0
36-50,Heterosexual,Male,Veteran,C,E,B,A,19.780278401352835,-66.21627822820122,A,107.86493295878492,57.6388676821599,-124.2648281406636,0
65+,Bisexual,Female,Yes,C,E,C,E,26.090450204111153,-214.8627617421831,A,44.54530333379563,2.86237053575702,-76.66685588775655,1
51-65,Homosexual,Female,Veteran,E,A,D,E,115.82400153827538,72.27870299868539,A,-145.13637226108182,-12.88795204468457,96.68493883332779,0
65+,Homosexual,F,Yes,A,C,E,D,-28.288038544236656,114.95152119138383,B,106.68923879301686,-107.61869722326432,-32.72295958375673,0
18-25,Bisexual,M,No,A,D,C,E,13.008773943219559,35.546403029944315,E,83.97954112782747,122.46118351925521,130.95369387439573,1
18-25,Homosexual,Non-binary,Non-Veteran,D,A,A,D,-13.161213738846001,-143.84582473484554,A,90.6618867313582,-54.62379068087498,14.457382182323814,1
26-35,Bisexual,F,Veteran,B,D,A,D,180.3260509509871,59.625992592009126,E,11.459869152816479,-110.76117396855763,97.85964033948356,1
26-35,Homosexual,Female,Non-Veteran,D,D,E,C,2.4338622467958837,2.959735025148851,A,-4.888940311207667,50.98637968691895,-32.631529933372065,1
18-25,Bisexual,Female,Yes,A,A,C,E,-55.365276824522645,53.58686111783674,A,237.16173511286715,-69.89434789171197,-19.588670975182044,0
18-25,Heterosexual,Female,No,B,B,A,D,-29.033537215943856,-143.80687565366193,E,24.996551420003392,43.36469898376023,49.68079747689871,0
65+,Bisexual,F,No,C,E,D,A,-30.46947724238571,136.1329874555962,D,-2.3815695206924534,16.7084273379121,-19.561771182007558,0
36-50,Heterosexual,Non-binary,Yes,A,D,D,C,120.73796766607363,-230.4499125216899,E,228.7845975671642,30.459499107343095,45.74454428751549,1
65+,Heterosexual,Non-binary,Veteran,B,E,A,A,-20.111782355068282,86.20483093545148,A,143.256264369669,-56.714329349370715,-7.32554730979142,0
18-25,Heterosexual,Other,Non-Veteran,C,C,D,C,-9.462661747305214,42.46708825658609,C,0.7939024808691244,30.96545731750173,50.48527625662486,1
36-50,Bisexual,M,No,C,D,B,B,-31.4361771166552,113.93989615605892,E,-106.77693029103796,231.57343886536233,-250.2078898014347,0
18-25,Heterosexual,M,Veteran,B,D,E,B,-182.9455651808639,-56.0600934619938,B,153.96169564964157,113.10395809866853,-116.93978742381633,0
65+,Homosexual,F,Veteran,C,D,C,E,188.50462250345487,-45.253201648351215,A,-4.694665695231976,114.52790164615638,-134.18260927736026,0
36-50,Homosexual,Female,Non-Veteran,A,C,D,C,-17.09765301944509,57.060986447160886,C,-124.85286390810764,-2.5699286954341436,-225.13975416819724,1
36-50,Bisexual,F,No,A,E,E,B,-143.53917183971916,83.46940471673571,E,-55.88652024521908,146.7187745304002,-1.8832177503870173,0
51-65,Homosexual,M,Yes,C,A,A,D,116.05613335862527,-91.89055609491574,E,-54.296449762996424,75.34722071235117,46.50507878302849,0
51-65,Other,Female,Yes,C,E,B,E,-43.32707137901032,18.731268236014596,C,-213.44306676961665,25.90260968971665,137.38314886695161,0
26-35,Bisexual,Male,No,D,E,E,B,10.739960036452603,132.43909004238103,D,44.36234886055486,-69.23127215783107,-78.71276639254309,0
18-25,Other,Non-binary,No,C,C,A,E,-113.67547599705064,-22.419916612079135,B,117.81780538501177,30.329397729174534,90.00514740116772,1
36-50,Homosexual,Female,No,B,B,D,B,119.26472632593182,36.19669841893449,E,-35.353553004458625,-154.14489584135518,211.5641410672837,0
18-25,Other,M,Non-Veteran,D,D,C,B,-93.36170338318833,-71.73692710854678,D,-219.6374552586329,74.63485516260242,4.992312128230465,0
36-50,Homosexual,Male,Veteran,D,E,D,A,12.388860993859886,-21.051149178398443,D,61.64261287581283,-17.796861657129188,145.22689054550622,0
18-25,Heterosexual,Other,Yes,D,C,C,B,36.814869744399644,-30.039090162763376,D,-166.8191550829357,-51.487639392832996,71.82839828306193,1
51-65,Heterosexual,M,Yes,D,B,B,D,104.40365445443777,35.61911970306633,B,65.88529353837598,33.31645823668816,3.218167694299523,0
26-35,Bisexual,Male,No,B,D,D,B,41.904204769021774,-44.71414107467921,E,-119.97191410574253,160.71915627760325,155.6145999114905,0
18-25,Homosexual,Non-binary,Yes,D,B,B,D,226.33819513096287,-66.54285490346304,B,97.11261052126284,-99.09322092270752,-60.47971122297595,0
51-65,Heterosexual,Non-binary,Non-Veteran,E,B,A,D,-22.205011505102725,-110.69627720811982,C,96.67094433732942,-22.83485110761876,-3.8901776962481636,1
36-50,Bisexual,F,Yes,D,D,B,A,98.72980201348696,88.83404490615762,C,145.62671483918803,36.52493815563837,96.23729072213624,0
51-65,Heterosexual,F,Veteran,E,D,A,A,61.24456211781714,136.32641748212464,B,-135.43546366478674,54.04419347762421,-6.819119441061478,1
36-50,Other,Non-binary,Non-Veteran,D,E,E,B,55.53541458826956,57.60974392017708,A,-8.179431156857687,-44.596991307925066,216.8202772397843,0
51-65,Heterosexual,Male,Non-Veteran,E,E,A,A,185.114740268656,-24.61587900904318,B,70.19826618614437,89.0159657212205,73.09355883887308,0
51-65,Other,Other,No,E,E,E,E,-137.3248268713596,-161.39944636054514,E,83.80351767305683,38.23578211748584,9.974652980716538,1
65+,Homosexual,Female,Yes,E,D,B,C,31.72249347696215,139.79874363999096,C,-161.7477466422178,-11.427350877103228,118.21378946143426,0
51-65,Bisexual,Non-binary,No,E,D,B,D,140.01580332395466,-124.82804505924383,E,-7.0953673254248955,-25.362859430634543,58.037658480119816,1
51-65,Homosexual,F,Veteran,B,A,D,E,78.42291067531121,144.39152284582212,B,88.66013988603989,18.873227924320464,-6.684008271182447,1
18-25,Bisexual,F,Non-Veteran,E,E,B,B,86.99372535939347,12.048967568111998,A,-66.74186044038511,33.89488384366789,-121.104954902542,0
36-50,Bisexual,Other,No,E,E,C,C,-74.42453559947667,-48.54249184050267,E,9.19924998503527,-33.75527287808587,-31.991539606517293,0
51-65,Bisexual,Female,Non-Veteran,E,C,C,B,22.892649280240597,93.2437449140027,C,54.89575068857889,37.15871739129394,-31.42371461701065,1
18-25,Other,M,Yes,B,B,C,E,-108.4139510162513,126.791973532753,A,-233.50460247187564,37.099932176206735,46.431998373583426,1
18-25,Homosexual,F,Non-Veteran,A,C,D,C,127.76946369242049,34.857358356904875,C,105.96161454422138,58.965273594318745,-56.908646116998085,0
65+,Heterosexual,Other,Non-Veteran,A,C,D,A,-26.621801792005158,124.06624723775646,C,-32.70860639162369,56.99763201318516,-195.61501574949403,1
65+,Homosexual,M,Non-Veteran,C,C,A,B,113.71029242266468,-144.77833899227159,E,195.671255775306,-62.415561552520145,40.170560017653216,0
51-65,Heterosexual,M,No,E,B,D,A,-20.72332743717124,-130.3063822156272,B,22.928316943761917,-94.45692097004721,-119.72296634708319,0
51-65,Bisexual,F,Yes,E,A,C,C,-148.17326941312774,-34.01451283618235,B,-69.30350004475213,-86.05051964265463,147.341806378687,1
65+,Other,F,Non-Veteran,C,C,C,A,-32.58741291819471,83.87876197155192,D,-253.0604729169496,59.50163343120825,-96.65013143642634,0
18-25,Other,Male,Non-Veteran,E,B,C,E,-19.128770763327037,-6.044026811400308,E,-17.60009126892256,151.6532001508899,-50.85498067592804,0
65+,Homosexual,M,Yes,B,C,C,B,190.7680396702847,-99.58396689201106,D,75.38473176004779,-123.35162715618976,-50.90418133629754,0
26-35,Homosexual,M,No,D,E,E,A,-117.53875085004483,-2.0370288925494227,D,-101.32042057064245,6.240808081045051,-42.017580250879035,0
26-35,Homosexual,Non-binary,Yes,C,A,C,D,112.9886109453772,-14.506930130484323,C,97.87435208367866,-67.88859086829227,64.84324723552689,0
36-50,Heterosexual,Non-binary,No,E,E,C,B,-94.50651967657349,-98.09820618792396,D,37.32118319533085,-7.8233732531703115,-4.032836565080246,0
26-35,Bisexual,Male,Yes,A,D,C,E,39.80089059928537,121.4582987811977,B,-11.73070792718637,43.49539907416332,55.24165575772307,1
65+,Bisexual,M,No,E,D,A,D,97.93557978893662,43.66398104787342,B,-114.59859684710254,55.665247967870755,24.69570211382144,1
51-65,Other,Other,Non-Veteran,B,E,A,A,175.73200180029727,18.983555083662118,D,-91.2829583570963,53.000466227675346,-81.54550178901737,0
26-35,Heterosexual,F,Veteran,D,B,E,D,-6.302434328794308,8.698861945457791,E,-57.45230412909553,15.001868844413366,-218.710697532277,1
51-65,Other,Female,No,A,E,B,B,69.66742810985811,-6.667499510275758,A,-47.668712744234696,87.08436114348356,138.77938486544053,0
26-35,Homosexual,F,Veteran,A,B,D,A,-51.22260849247443,39.474872146525556,C,-29.249723369412024,137.47848327369329,-63.59482671581663,1
51-65,Other,Other,Veteran,B,A,C,A,224.31927656389686,-46.63148260900995,E,-35.97185793963564,-12.742491720720828,71.08793573773127,0
18-25,Other,F,Yes,D,D,E,A,63.93934431306687,-29.68244814089304,C,48.07695584577041,117.17265228384555,-116.80065657547294,0
51-65,Bisexual,F,Veteran,C,D,A,E,-66.65273414041391,-0.04256639261575679,E,-16.580265288345714,-115.58271229890791,-10.145254520062753,1
36-50,Heterosexual,Other,No,C,D,C,D,-70.17259077389404,-16.84931549818767,E,54.414483432943314,131.70159724155138,-3.578247193854582,1
26-35,Homosexual,Other,Veteran,E,E,B,A,187.78485258519555,-2.830299541677129,A,225.47000751234924,-26.514105111096942,-172.30288705181596,0
51-65,Bisexual,F,Veteran,E,C,D,C,11.493143850963781,9.71753695832691,C,-102.98788665255421,42.32357539992202,-135.73825451539773,0
18-25,Bisexual,Male,Yes,E,D,B,D,-12.271629769360374,42.15094737496132,E,-61.897881696524614,76.84284845412223,43.71521707930843,0
26-35,Homosexual,Non-binary,Yes,E,B,C,E,-150.55879938918088,28.42923183442865,A,51.99989883194025,-58.6322799876958,-60.256381680824724,0
18-25,Homosexual,M,Yes,B,C,D,D,16.411993712993315,22.506297604906145,C,86.42134015844653,-22.14316058245486,122.87805898379827,0
65+,Bisexual,Other,Yes,D,C,E,C,43.153478562065494,-52.37634780725027,D,3.8881419966553095,-121.43469413205072,-106.0474539583388,1
65+,Homosexual,Male,No,B,E,E,E,-105.04216281075233,-273.6310317124353,D,-33.99828500180255,33.09274264324169,0.8825655424712144,0
36-50,Bisexual,Male,Veteran,A,E,E,E,-27.88131432700609,-141.36457779315867,B,-159.10724914556675,25.51412764408235,-19.489577612329732,1
18-25,Bisexual,Non-binary,Non-Veteran,D,E,A,A,31.42994292529292,-61.05351846388443,B,-121.93360746359183,32.53427223040567,-84.21593488075467,0
36-50,Other,Non-binary,Yes,C,C,D,C,32.36159849277772,-58.48691318212407,A,-14.83624231797524,-112.70281509541704,92.30148893474255,0
36-50,Heterosexual,F,Non-Veteran,D,B,A,E,-143.49803904626197,-15.04166669520325,A,-10.599859974846723,-73.52944912409417,123.99234106187444,1
18-25,Homosexual,Female,Non-Veteran,B,B,D,C,-24.371808414177057,78.93584045130649,B,95.50877371170031,52.241754549606114,42.69841961721367,1
36-50,Bisexual,Other,Veteran,B,A,B,E,81.96568230606204,-160.78186220333,E,-37.71586333443834,5.091878744157767,128.47862334237678,0
36-50,Bisexual,Male,Veteran,B,E,C,B,67.68426044073445,-66.65387129061664,D,30.653161622353476,56.21733410011752,-142.77067845295318,0
26-35,Heterosexual,Male,Yes,D,A,A,C,77.63758306594909,-37.41839364132177,B,73.63665988720689,26.29583603847367,117.95842226436307,1
18-25,Heterosexual,Other,Non-Veteran,B,E,C,B,137.84100430066516,59.73349404238469,D,70.94345934329155,0.5831404481996412,-117.44355179516116,1
36-50,Bisexual,Male,Yes,C,E,B,B,-54.78563564635387,11.237791107053472,D,37.30094155693238,-111.0300036306938,104.89774759816835,1
36-50,Other,Other,No,B,E,A,B,-60.21152435803122,68.23117758652788,A,95.4861206203667,-152.1090053094634,-158.76490129443025,0
65+,Bisexual,Non-binary,No,D,A,B,A,-56.6625059687975,-124.56570319915849,C,-43.266162679960075,-155.06256625220453,-38.667341383683905,0
51-65,Other,Male,Yes,D,B,D,D,15.264912676007445,26.88101971976586,D,25.706212054635554,34.78179286391518,34.37065554261316,1
36-50,Bisexual,Male,Veteran,A,B,B,C,-142.34465014639397,4.761112116479835,E,43.89965387204302,-102.27963868409175,-116.17189959581422,1
18-25,Heterosexual,Male,Veteran,C,A,A,D,112.24125543486561,113.11887850439935,C,106.44895531703611,101.70508845473658,-98.94058309022756,1
26-35,Heterosexual,Male,No,D,E,C,A,-51.9509394674308,6.9304411391447704,A,-115.45425752429348,156.76368774789918,-112.25727399654595,1
51-65,Bisexual,Other,Yes,E,C,B,A,55.64435446990527,21.81015765559727,C,-104.66689059797014,50.24657984606979,-45.855804049652455,1
26-35,Homosexual,F,Non-Veteran,D,B,D,E,75.81226337213334,-69.08079969238338,D,52.76914976418803,75.24885903825083,-5.193509064747568,1
36-50,Other,F,No,D,E,B,D,-120.915740385356,-137.97945227792664,B,-138.86100246228835,-5.593310950910454,10.99068479741789,1
51-65,Other,Female,Non-Veteran,A,B,D,C,-123.12891439139553,3.385509346384632,A,-194.61594757285215,28.200647102094113,-170.1626774593485,0
65+,Other,Non-binary,Veteran,B,B,C,C,-38.23054917416203,21.872396545044502,B,-16.84397615662812,-105.41553941973531,-7.28211093500187,1
36-50,Homosexual,M,Yes,B,E,B,C,26.2284391952255,-155.01562901980884,C,-31.116830421437243,23.026653479904702,-63.672649035809826,0
36-50,Homosexual,Other,Yes,C,C,C,C,78.53445933528405,92.61136344480492,A,104.14114208477068,15.967085045304271,-151.96380065699432,1
26-35,Bisexual,Other,Non-Veteran,A,E,B,E,-94.4068577323429,-14.53026793300042,B,-37.12823152952259,-207.41688617458993,-170.3259316662315,0
65+,Bisexual,Female,No,E,E,B,C,22.181577487289378,41.61483300513087,C,-96.59187294363242,170.36492640790019,-11.305967067233688,0
18-25,Homosexual,F,No,B,B,B,C,-52.734270392963246,111.83483520489148,E,-116.4051998785553,166.05717847999736,-16.073569717619215,0
65+,Other,Female,Yes,D,E,C,A,27.130552648134937,5.81459881636117,B,-136.52715734139133,-94.31677251031698,-89.42667215898081,1
51-65,Bisexual,F,Veteran,B,E,E,B,-163.0501614049737,114.07849601808095,E,-40.790342260501376,94.94623844071285,82.3471861616113,1
26-35,Other,Female,Yes,C,A,A,C,90.93544262551464,-53.40007205942649,A,-133.92556927822937,33.36417807766845,-153.93052325329114,0
36-50,Homosexual,Female,Yes,A,A,C,D,-154.32215068764225,127.57114992362997,E,33.50321608315742,52.622907302667365,-26.575442288059207,1
26-35,Homosexual,Male,Yes,C,D,A,C,-62.69007333602753,184.7601697266753,D,-94.34268568337505,141.4631436527993,138.98125807011158,0
51-65,Other,Other,No,E,D,A,B,-4.887799641573497,-174.27655993294098,C,-271.015169279577,-7.792974071213145,-102.73035831981619,0
26-35,Bisexual,Non-binary,Veteran,B,A,A,E,6.073662555776021,169.89051953577538,E,-0.7352873705573677,129.80255239432273,256.6874395634545,0
26-35,Homosexual,Male,Yes,A,A,A,E,-77.62535431878993,-109.68310771876686,D,-138.25010073731096,13.949548516152301,-6.01179615288239,0
18-25,Bisexual,M,Yes,D,C,B,C,132.49150558768633,148.58880479810523,A,-87.54857908155977,-22.806978221336944,59.87141435494271,1
36-50,Other,Male,No,A,C,C,D,96.53317536698772,27.545542221359113,C,-50.386484728334224,121.63326777102186,109.38922614232057,0
36-50,Other,Other,Non-Veteran,A,B,A,C,-45.09813547510888,-4.222404578295504,B,-33.78720179423869,69.38960116103449,-125.3273906925742,1
65+,Homosexual,Non-binary,No,B,D,A,C,-160.34049526490415,33.721879407148336,B,-71.35059442998444,6.867131945369451,-118.49996269070296,0
51-65,Other,Female,Non-Veteran,C,A,A,E,67.53143852133728,151.76193201573253,C,-23.185605930365526,152.2811526767253,152.44776022205042,1
51-65,Heterosexual,Non-binary,Non-Veteran,A,C,E,A,49.03121541959067,90.34811976571905,A,-19.740093158524534,46.25709974678044,-180.33809395003365,0
51-65,Bisexual,M,Yes,D,B,E,D,-93.33030967265731,30.77189658696369,A,129.7002413032634,-92.94972755794949,-60.77022870790283,1
65+,Other,Female,No,D,C,B,C,-15.366277116847794,-47.82530366952634,E,83.39224755123651,96.39078758430286,93.62684004953972,0
26-35,Other,Non-binary,Yes,A,C,C,E,124.82381059618186,-38.883593750803456,B,-65.29801487267272,219.9971056146301,-214.1408569699692,1
65+,Other,Female,No,A,D,B,A,-118.653057102898,1.0714621944130078,B,-156.52501198827505,-7.221137390595442,-120.38506294785911,0
26-35,Heterosexual,Female,Yes,C,E,C,D,-36.383852373513506,-85.54700205681293,B,76.36608269840616,-64.73488782901315,-37.25978599490878,1
51-65,Other,Male,Veteran,C,E,A,A,122.02496439740061,-155.96603634926544,A,103.18921880757712,-106.2198161931247,-52.14841982169357,0
26-35,Homosexual,Female,No,C,E,B,C,-140.359143414131,70.19768356087481,E,2.9824631703269384,70.20686903281025,27.938478055329558,1
51-65,Heterosexual,F,No,A,A,C,C,120.59505744496629,0.8013401670541416,E,-17.693382286142395,-180.11231274168097,51.35856293580575,1
51-65,Other,Other,Veteran,A,C,A,A,-125.84688449675896,-103.53243484776169,A,-56.71572263024511,-61.11165085001079,36.53103824028145,0
36-50,Bisexual,Non-binary,Yes,A,D,E,C,42.83495239928147,27.538608012486165,E,-12.390590510747424,74.2537136684646,-76.10405316440033,0
26-35,Heterosexual,F,No,B,E,C,C,-79.9214746302857,-8.419268014642132,B,30.517530661376263,5.537261912170704,-80.6259312466118,1
65+,Heterosexual,Male,Veteran,C,D,A,E,-93.42460610357153,-85.22071624679882,A,-98.81219987268645,66.3064599706202,54.49070691441212,0
18-25,Bisexual,Other,Yes,E,B,A,D,77.1264845429979,-160.9648551690871,A,155.86740530971738,138.32182208273147,-150.42419633437,1
26-35,Other,F,No,C,E,E,A,-69.6518890373791,55.188527251131006,D,-106.37818505336054,16.84651349323743,93.07925816514634,0
51-65,Homosexual,F,Non-Veteran,E,A,E,A,113.62771477039126,-57.559611547872755,D,-72.63890042136718,46.54848000212806,-135.3154250865276,1
36-50,Other,Non-binary,Non-Veteran,B,D,E,C,87.54853808785637,203.02309115251975,E,45.14627809147071,73.0479212835564,-33.77841896806286,0
65+,Homosexual,M,Veteran,C,D,E,C,80.0141100169646,-36.15866733967982,D,1.386812876709507,-11.832610483916172,65.04432110058956,1
65+,Bisexual,Other,Veteran,C,B,B,A,80.80437500074605,13.130135908996932,B,-78.15647363997134,-4.731368892338615,-101.4253980579207,1
36-50,Bisexual,Female,No,A,D,C,A,88.54334029421256,8.031627204288483,A,194.406832777298,19.10448656972573,164.26044164277545,0
36-50,Heterosexual,M,Non-Veteran,A,D,A,E,8.002660692042806,25.307041338466597,D,164.18594181160654,-10.479363356884337,11.942674660478897,0
26-35,Bisexual,Female,Yes,A,C,A,B,106.72561269400917,-238.16412253333817,C,-56.36583049669169,21.040167953957017,13.46614387058073,0
65+,Bisexual,Male,Yes,D,C,E,A,-203.0292421106877,88.41219528132041,C,-1.7126094598566632,-2.109954807356853,50.19519473844727,0
51-65,Bisexual,Other,Veteran,B,A,A,C,27.105132621700058,-18.654176266983878,C,-51.84308659980199,40.64158572122684,79.47608267208561,0
36-50,Other,M,Yes,B,D,B,C,83.71181901299771,109.15938399734104,D,48.256507233475304,-133.17129924178215,148.73174772773683,0
36-50,Heterosexual,F,Yes,C,A,B,B,97.97076153238594,126.6258794369698,C,-148.98664980658464,-33.86274296706576,-20.1725425328757,0
18-25,Other,Female,Yes,C,B,E,E,33.18766315386167,-295.82967369655375,C,132.56567722424862,-98.04649807164395,7.685738751146726,0
26-35,Other,M,No,C,C,A,C,-67.35336579860463,-137.79276598095524,E,125.16063432555225,104.0920832657365,230.84078732271266,0
36-50,Heterosexual,F,Non-Veteran,C,A,D,E,-22.141988663474983,-76.67288635547345,C,-8.696945010056053,-164.1140142869824,255.85187031001323,0
18-25,Bisexual,Male,Veteran,A,E,C,C,-28.114379964249352,-43.38566376078475,E,55.434979329641145,-27.74139382009678,-22.977800704571486,0
51-65,Homosexual,F,Yes,B,B,D,E,-41.35483456437793,-102.51822683244663,D,118.7977713470366,-173.86278117514172,-84.14447342932021,0
26-35,Other,F,No,E,B,A,C,-232.05463911626927,-24.344686150160197,A,76.8122838308203,95.92437352488803,-141.17746682809945,1
51-65,Homosexual,Female,Non-Veteran,A,A,E,C,-92.35746489744928,11.219168645228645,C,85.30446240988219,-25.09075661084334,16.20655206904299,0
36-50,Other,Male,Veteran,B,B,E,E,176.07968990308152,72.60409530064055,C,-1.64231004499883,-28.505703034940122,-65.7619942845323,0
18-25,Bisexual,M,Veteran,E,C,E,A,26.281304753789225,14.968749302453327,A,85.60791800337935,-113.77419291050683,127.35105862632975,0
51-65,Heterosexual,Female,Veteran,B,D,A,E,88.49377395743235,146.32093039226237,D,80.27509055647029,74.40179432450202,-129.28191701872086,0
26-35,Bisexual,M,No,C,A,A,C,106.09146717766747,-14.157419166731492,D,-2.5491701687439376,94.78431568113372,62.13721830242569,0
26-35,Homosexual,Female,Non-Veteran,D,D,D,A,-76.10980258143925,104.02438306347483,D,-127.33109070972041,3.4842519098343967,102.90975112030165,0
65+,Heterosexual,Non-binary,Yes,E,B,C,C,27.640670612632036,137.37089403837166,E,-16.78717926360742,57.98969615654407,35.41817685562588,0
18-25,Heterosexual,Non-binary,No,E,E,E,E,112.38502846938229,29.498679419591493,D,-2.0263859417446164,35.89039951506921,-170.58206379106383,0
26-35,Homosexual,Male,Yes,E,D,C,E,24.046844289433135,192.9385817950635,C,-52.77058114185414,53.89447662744951,37.53328443203186,0
18-25,Bisexual,M,Veteran,B,C,C,C,-170.01694576049871,43.49543381191048,D,-105.1014389591098,19.08571358964599,-11.383182188953565,1
65+,Homosexual,Other,Non-Veteran,B,B,E,C,-180.1227235601591,32.794683311491134,B,8.303245208875124,151.57895421394122,-83.81279630692454,0
65+,Other,Male,Yes,C,A,C,C,94.24351797445763,30.79161684656665,E,74.52946095338065,94.56585015690247,-209.06314397445746,0
18-25,Bisexual,Other,No,E,C,C,C,-55.97498424524049,-76.19099332395159,C,64.62429973845919,-49.49774013033289,105.2961706451325,0
36-50,Homosexual,Other,Non-Veteran,B,E,C,E,-137.76385449329632,44.8709861276815,C,-72.3958957415495,25.290996440646126,27.61606149000026,0
36-50,Other,Male,Veteran,A,B,B,C,-69.83088354657248,-56.72120603596158,A,127.81739650087054,118.8541008610668,-0.7155452175543926,0
26-35,Heterosexual,Non-binary,Yes,B,E,A,A,-10.76540385518942,-3.8590906141814507,A,19.364839788423435,-38.98736539110481,39.09314272850104,0
18-25,Bisexual,Female,Veteran,A,A,C,A,53.85353063565559,266.09155017515695,A,129.72718306640368,62.84483233093785,-66.04418383899588,0
65+,Homosexual,Other,Yes,E,B,C,B,159.72535981439944,52.07825605462428,B,-62.431964271974174,156.18284315415755,-5.577173187104608,0
26-35,Homosexual,Other,Non-Veteran,B,B,D,E,-91.7288911522191,0.12530331076711806,E,-152.15651134082378,72.12216273129313,218.67241779379194,1
51-65,Other,F,No,B,C,C,C,55.50455922389461,-6.166818509292922,C,-3.005119843844785,100.6665101594794,-131.4510924041834,1
18-25,Bisexual,Other,No,E,C,A,D,-35.57848473062766,-57.15480987476632,B,117.2338315586839,-55.03782383941939,48.053416665270426,0
65+,Bisexual,Female,No,C,B,E,B,107.1029454519227,78.86742833795711,C,-128.88532774578005,-25.149783822292555,28.985234799676746,1
26-35,Heterosexual,Male,Yes,B,D,E,C,17.42468205387434,5.960327238832796,C,103.1316891127307,7.021727363950096,60.82456597660691,0
51-65,Bisexual,Non-binary,Yes,E,C,A,D,-114.33865207542789,21.235627144779514,B,-77.77704549295422,57.620268513060715,104.55725906413653,0
36-50,Other,Female,Non-Veteran,E,B,C,E,-25.053246355740722,-56.93081410776634,E,-191.5559021890224,-10.650365881422795,-99.13488857605539,1
18-25,Homosexual,F,Veteran,A,C,D,D,63.143586524811255,-54.458926138752,E,203.84602855658596,-28.237344353254485,38.44027774312557,0
65+,Bisexual,Male,Non-Veteran,D,B,E,C,43.1409370065247,113.61981680408432,E,36.41107771618903,-59.28746014167705,114.60076915396984,0
65+,Heterosexual,Non-binary,No,C,E,C,A,-92.43007926488677,116.86570900460687,C,-78.50859119624045,66.18875093461479,-146.3720612495339,1
26-35,Bisexual,M,Non-Veteran,B,D,E,C,-13.787412246912758,-62.95667209051745,E,-94.07456361087387,101.46286269156546,-28.318936365330593,1
36-50,Homosexual,M,No,E,C,C,D,18.600452196803563,2.618852171967671,E,206.82462626466256,-31.443408564967168,89.16491738820945,0
65+,Homosexual,Female,Non-Veteran,C,C,C,D,116.1858057634066,-7.297570463681616,C,67.45790358925508,-200.07943773698463,170.38327872354597,1
26-35,Homosexual,M,No,B,B,E,A,68.56972732709043,91.4632624979689,B,-110.93835974955526,66.64267521374512,214.92682283470344,1
18-25,Other,Non-binary,Veteran,E,C,A,E,130.384253485614,-58.46111277817534,B,-86.50594392113595,86.56285603355748,47.362538458910606,1
26-35,Homosexual,Other,Yes,C,B,D,C,-192.67463105476745,-0.7342420136389683,B,35.25512402416838,-24.094466527322577,90.04764532269279,0
26-35,Other,Non-binary,Veteran,A,C,E,B,58.551375202202074,-27.75651809139683,D,-27.260832229991745,-11.797547741595475,-18.440647358736616,1
36-50,Bisexual,Male,Yes,B,C,C,B,-31.856489802474492,321.9637167469711,A,-83.2242178083463,-39.75185880173271,-25.04303460207656,1
65+,Heterosexual,M,No,E,D,A,E,-41.19599049164043,123.44091671304709,B,-20.004974284504183,133.89841066696303,-96.36307604588306,1
65+,Homosexual,F,No,A,D,E,B,-109.7681912764767,-12.225477829576894,B,17.061543705016664,2.927581103033755,-150.98410531327454,0
51-65,Bisexual,Female,No,D,C,D,E,-48.09358411702984,139.94255879205477,A,-14.27667305391893,117.9624224767138,43.5924754601156,0
26-35,Other,Non-binary,Yes,E,A,C,D,-15.265960675682416,200.39222119005782,B,-77.64784631046602,0.6866975152203908,-97.52967922458086,1
36-50,Other,Female,No,A,D,C,D,-103.32208696777276,65.76218545911266,C,-93.87432219694139,-68.36144107484394,23.23980727473596,1
51-65,Other,Other,Non-Veteran,D,A,D,C,-10.829255437399015,-7.630970595741175,E,-63.5748556370836,35.89729518038521,-29.969541359290748,1
26-35,Homosexual,Non-binary,Non-Veteran,B,E,E,C,-99.09140507936563,198.31961102566413,E,-12.70010779003755,109.01779461033045,88.33388600224167,1
51-65,Bisexual,Other,No,B,E,E,E,106.81868759082826,-37.832567865005814,C,49.342442577435115,-139.1826560260423,-153.55743036898778,1
65+,Bisexual,Non-binary,Veteran,D,D,B,C,18.886211192402577,-10.187332506005479,C,97.68125924635184,-61.99334721668721,147.14276275692333,1
26-35,Bisexual,Female,Veteran,E,E,E,A,170.09133937031183,-77.98118723205404,D,-88.2976530585334,-128.5923637339001,-28.993432923404477,0
18-25,Heterosexual,Other,Veteran,B,D,C,C,-69.68718865823021,-124.03902659966684,E,-39.62043233904928,64.34812319724504,-52.479284502886145,1
26-35,Heterosexual,F,No,C,A,E,A,54.19398588869137,-63.47156720569054,E,23.503602124934776,-85.68542063452608,16.439234076591227,0
36-50,Other,Female,Non-Veteran,D,C,B,E,-114.89957299989977,28.412893684354152,D,10.754869295325944,-190.8053334076766,-193.68863901562779,0
65+,Homosexual,Male,Non-Veteran,A,B,A,B,193.59782236301507,-2.833944777508569,B,-214.45867933159812,34.176527168071125,-144.7354719161516,1
26-35,Bisexual,Other,No,A,A,E,E,92.4852063810134,-34.807790775186284,C,142.3575648999525,87.6048646815933,154.20170902503594,0
65+,Bisexual,M,Yes,E,E,D,C,96.95634919853104,115.57720025211245,C,8.065410479142052,176.59387792270826,47.09727974013666,1
36-50,Other,Non-binary,Veteran,A,D,E,C,10.86227978786567,-116.79500976239186,A,49.64639823110209,-34.048259008402695,16.59696952495934,0
65+,Homosexual,Female,No,C,A,C,A,147.99899525201667,47.471088441753885,D,22.176996899258285,97.85642548885512,61.83653658520842,0
36-50,Heterosexual,M,Non-Veteran,A,B,C,A,-110.85297131482277,-146.11612059675,D,-65.60633268832451,-137.95073730110178,-37.258228271190326,1
18-25,Homosexual,Female,No,C,D,B,A,-142.85216210191598,-63.408136646099145,A,80.16660893430311,-183.80262221756254,-78.30683199803683,1
26-35,Other,M,Non-Veteran,E,E,B,E,47.301880561417946,-199.0864537819358,B,-13.335104055083876,-177.75423299591475,-51.94670122325383,0
18-25,Other,Female,Veteran,C,E,B,B,54.530884765808985,31.71312790390935,B,8.18590846095146,91.1444540274993,1.9030476468667272,1
36-50,Homosexual,F,Non-Veteran,E,B,C,A,-23.6353727440508,4.239033365597762,A,82.02985860023797,32.26328644693397,41.049699756494284,0
18-25,Homosexual,M,Veteran,A,B,C,B,8.28611023017198,-11.259240577646478,D,-82.9759794675845,-62.00219860189704,-33.98063192062427,0
18-25,Homosexual,Female,Non-Veteran,E,D,E,C,121.69939363038789,-133.94662149347,D,-60.177695552317935,-6.614109661299507,-10.786551623002804,1
65+,Other,Non-binary,Non-Veteran,D,D,B,A,-72.33087583884023,68.08473695828854,E,-157.19089857723992,115.38884241888539,-29.35952986384781,1
65+,Other,Female,Yes,A,B,D,E,-128.00891264308197,-71.22859112026978,A,200.54488188709684,-0.0628999822131133,36.32494714489596,1
26-35,Homosexual,Other,Non-Veteran,D,C,E,D,-70.83875088696857,128.89245579208745,A,-90.23232763677626,174.30268120678062,-89.65359912576368,1
18-25,Other,Other,Yes,E,E,A,B,110.55455908369917,112.42140485213964,C,26.21007364794248,47.37737843560983,-81.47910700713746,0
36-50,Other,Non-binary,Non-Veteran,C,A,A,A,82.62023629803247,65.12222676908756,E,12.155013276438758,6.346934726517593,-75.06790979741133,0
36-50,Homosexual,Female,Veteran,C,B,B,A,-38.39973346002133,59.271034093284754,E,8.480896136091044,-58.29744852749068,-137.854914994578,1
65+,Other,Non-binary,Non-Veteran,C,D,E,C,133.784395090202,99.77187300134051,C,314.3706672312333,56.60737233901533,127.69153670626581,0
65+,Other,F,Veteran,E,D,A,A,68.20748226081552,-92.32267040649201,B,-3.529615370053886,67.93166313863601,-64.34463552795484,0
26-35,Homosexual,Other,No,A,E,D,C,-21.1518654534024,-51.59539197752044,A,0.02419043309239988,191.0367568559098,-86.40156070102051,0
51-65,Bisexual,Female,Non-Veteran,C,E,D,E,-52.52982009803663,-120.24366621804336,D,94.56100923620161,-151.5779600075498,-74.61387861467537,1
51-65,Homosexual,Non-binary,Yes,D,C,C,D,-9.898265191650744,-64.21263715402965,B,-4.898404112774546,89.58988596479622,43.31260066025958,1
51-65,Homosexual,Female,Yes,E,D,B,B,-25.428164896714428,17.591797689766253,D,-24.56560183059726,59.40929712198481,81.92723307150086,1
36-50,Homosexual,F,Non-Veteran,C,A,A,E,65.76768350828051,53.49853824723031,B,142.86721880298373,141.64671827745929,141.1332034146477,1
65+,Other,M,Non-Veteran,D,A,D,A,116.06005283076601,111.80625800546838,B,179.1147687252754,251.4249694722378,112.78812409730526,1
51-65,Other,M,Non-Veteran,B,C,B,D,149.96700988675232,-174.27584158372636,C,-65.9094055410886,57.12271925715066,-137.15894220450824,0
18-25,Heterosexual,M,Yes,D,E,B,A,152.98947581700867,-18.62956620756467,C,43.87184407890832,22.301087742715854,15.902303991592904,1
18-25,Homosexual,Non-binary,No,E,E,B,E,-41.617346372588074,-217.6414767687895,C,113.60541629768484,-50.19515374653284,179.32748920394346,1
26-35,Homosexual,Female,Non-Veteran,B,A,E,B,21.349664754546037,127.63908266026445,E,-39.1697654396561,57.88895867559243,-124.85455388855833,1
18-25,Homosexual,Non-binary,Yes,C,E,E,B,-153.5334922359674,-2.16548831130417,D,-75.71521463452959,-22.444931811927194,139.94960224699506,1
65+,Other,F,Veteran,A,C,D,D,166.02095807495715,-74.66323141043323,C,-4.626020214541046,-160.2605505210239,57.017897849535274,1
36-50,Other,F,No,B,B,C,C,-50.4925898792982,123.57452979319434,E,-90.04761009931977,-76.96009968421187,7.038582630199827,1
18-25,Bisexual,Non-binary,No,A,C,A,B,165.5672439007582,-38.50839932563742,A,23.874975794991016,164.69866311706704,16.854003790483553,1
51-65,Homosexual,Female,Yes,A,B,C,E,78.52505596643414,-39.76393623199212,D,-116.22488406585241,-69.38820229334209,-41.60883054438614,1
18-25,Homosexual,Female,No,E,A,B,B,-44.878728520765506,43.14781427787687,D,3.2718229975042403,88.97601575277616,-20.62630493843726,1
36-50,Bisexual,Non-binary,Non-Veteran,A,D,B,E,-138.77117260006273,31.512215106495834,A,100.82721691106329,-14.262397965358717,-119.35216966985611,1
18-25,Heterosexual,Male,Veteran,B,E,C,C,55.54584604591714,-52.463649940236834,A,163.12938803674314,-11.542147289262516,-22.588646854333135,0
36-50,Heterosexual,Female,Veteran,B,D,C,E,117.70233044846489,28.01542319261169,C,-221.8067790101063,28.812846451453122,-53.26698439548877,0
51-65,Other,F,Veteran,E,A,E,E,113.95188357705115,-78.4286491666092,C,35.518915855826194,67.83101982036696,-63.17906428692832,0
65+,Bisexual,Male,Veteran,E,A,E,A,-55.67956673440831,-193.6757579615267,C,41.875786074305005,-24.927869862343957,-54.23592448041342,1
36-50,Other,Other,Non-Veteran,E,D,B,A,40.09081591027747,30.00271706049851,B,64.90276776922052,75.64443952580413,144.66038766140335,0
36-50,Homosexual,Female,No,B,D,B,D,70.46345720790057,242.63491999897244,B,-105.18049115097739,-173.23122962893726,-15.92100508437959,1
51-65,Heterosexual,F,No,E,B,E,A,-96.90574328684383,-86.63644289782077,D,-45.333938532856365,-160.15902423938667,-27.201350046777005,1
36-50,Other,F,Yes,D,A,B,D,-24.34530213122249,-11.996994540374379,C,6.3077134710458145,27.559487059800862,-34.814490573869215,0
18-25,Other,M,No,B,C,D,C,-136.595249231921,-154.30006281137366,D,-62.91033964226644,63.56891489622256,-93.24712287566756,1
18-25,Other,Non-binary,No,E,A,D,B,128.0799758262392,-26.995323460845977,B,-5.522177737838902,10.903334637215911,-12.83123646436794,0
18-25,Other,F,Yes,D,E,A,D,77.21312589957768,30.756690029188587,E,-34.86501343530771,-72.63589339580214,211.10864670225035,0
26-35,Other,F,Non-Veteran,D,E,C,E,8.182393051461542,-177.04161568185205,B,-20.09978022958338,208.01201434934075,-46.27829193568422,0
18-25,Bisexual,Male,Yes,B,C,C,A,-44.25849696881144,171.6533893921141,E,-115.74141420216253,-43.824769144102035,120.42606064727295,0
51-65,Other,Non-binary,Veteran,E,E,A,A,-173.69481921715925,-96.18497937472623,C,-15.829912184272867,-82.3684142264206,12.979226991277038,1
26-35,Heterosexual,Non-binary,No,A,B,B,E,-73.22566714935273,2.190174598708592,D,59.97639539175774,-208.39343890761,-27.651113084721402,0
51-65,Bisexual,Other,Veteran,B,D,A,A,65.29241738377921,121.84029858901513,C,-179.97124978451848,-161.72629373780302,40.07812815279771,1
18-25,Homosexual,Other,Non-Veteran,D,C,E,A,100.99204389167016,-13.541196463255456,A,114.97759421852531,-43.27881585973516,-69.06890169704224,1
51-65,Homosexual,Female,Veteran,A,C,A,D,-45.9509236809247,-17.007007769931718,D,-63.212394757152104,20.310436083085758,-30.23340179399172,1
18-25,Heterosexual,F,Non-Veteran,C,A,D,E,60.694935893246814,7.450885185226001,D,-77.48985063941393,147.5667391224738,132.54959680092662,0
65+,Bisexual,Male,Non-Veteran,A,D,B,B,-257.80333712185046,-21.4225239150035,E,-20.310439378522315,-189.21622899477282,2.9281250143664272,1
26-35,Homosexual,M,No,C,C,D,E,-253.60179764883281,126.78376085549328,C,-96.90972866140784,-130.28567199866063,62.28016030745176,1
51-65,Bisexual,F,Non-Veteran,E,E,A,E,-30.79782702408845,115.76020499182043,A,2.7349802371507965,-63.85093664561864,-85.5150987621088,1
26-35,Bisexual,Other,Non-Veteran,D,E,C,A,-13.825180614912307,-198.1434083647966,C,-201.03452491992013,149.16532734008203,24.662789921304658,0
51-65,Homosexual,Male,No,C,A,C,A,-20.693735999206307,99.07105553621662,A,-2.243269249711521,91.60133001860773,-199.14790878601008,0
65+,Homosexual,Female,Yes,D,A,D,C,15.1707727822096,7.847333417382588,A,72.99868974295613,45.20860318625944,-129.49640828620514,0
36-50,Homosexual,Male,Veteran,E,C,B,E,83.59199893381066,149.3461018261471,D,45.36221521332165,93.19859547085669,-4.263330098761414,0
36-50,Bisexual,Non-binary,No,E,A,A,E,15.55749433449515,-121.38328071875486,A,-34.019308391024275,90.48668001728356,-39.678529827687704,0
26-35,Heterosexual,Non-binary,Yes,B,E,D,C,28.035315811084406,0.6682257184691356,B,5.7451491185128924,-18.982403517349702,-131.912727366999,0
18-25,Heterosexual,F,Non-Veteran,C,D,C,D,92.66202422974479,61.04055261677226,D,-48.88314463229348,-91.3477787173805,56.17957172338785,0
36-50,Heterosexual,M,Non-Veteran,A,C,B,B,-47.98948396424496,150.58976237798788,C,20.19670345197019,306.2100344882619,32.11629598252782,0
26-35,Bisexual,F,Yes,A,A,A,E,-165.94846965548734,4.693008143366998,A,105.08098590476366,39.728776310421175,-72.66686598795744,0
36-50,Homosexual,Other,No,C,C,C,C,12.013648834210814,50.06483876174828,E,-239.91361073546753,26.60136269902946,-142.94069333282235,1
18-25,Heterosexual,Other,Veteran,D,A,D,C,-88.77646402355245,23.969744526407613,C,19.792434231134255,153.92062607056283,-53.80225462228119,1
26-35,Homosexual,Non-binary,Non-Veteran,A,B,D,E,-33.606524824166556,9.988419290114996,B,-54.032087356048706,30.074933846442665,-181.0195554545654,0
26-35,Homosexual,F,Yes,B,B,A,D,15.295104400782101,-9.679686142669112,C,-15.32034859175489,81.25813287359907,130.0502438179641,1
26-35,Bisexual,Female,No,B,B,E,B,25.651063927245698,94.78679135079689,A,300.70799928499355,138.47086259182737,-76.74668566176575,1
26-35,Bisexual,M,Yes,E,B,C,E,69.51298926992024,-11.659082103273482,D,-22.463203682166835,-58.01687161170796,94.66973176678147,0
65+,Bisexual,M,Veteran,B,E,B,D,-150.40429689099315,96.98211204843406,B,107.53353970188539,27.93836345657375,-22.48180499574121,0
36-50,Bisexual,Female,Veteran,D,B,C,C,-111.80982936394628,-102.16720402533426,E,123.09778552166657,-81.25275834898986,-56.03543469681891,0
18-25,Heterosexual,F,Veteran,D,C,A,B,-26.564400526527432,185.91345697037877,D,107.02778257708401,27.11661652563006,-62.23209679080214,0
36-50,Heterosexual,Other,No,E,D,B,A,145.6967361773414,95.99972277839923,D,-23.88136925065233,-98.03853000862787,-9.832623308404154,0
26-35,Homosexual,Other,Yes,E,B,C,D,7.437996241826738,-252.77091831764236,A,-113.96669514189574,-95.57110593159183,56.2043470704106,0
18-25,Heterosexual,M,Yes,E,B,A,B,-89.43552458579862,-211.69016952821443,B,-24.10258048442368,47.54177357954332,88.06259432058873,1
18-25,Heterosexual,M,Yes,C,A,A,A,-37.71581634730741,198.49310549873155,C,29.625853749116565,40.66828079232238,-178.27962548895022,1
51-65,Bisexual,F,Yes,B,B,B,D,44.983744108535625,-119.03131602663659,A,83.46287330724684,-105.76510089113758,163.26438521121736,1
26-35,Homosexual,Other,Non-Veteran,D,C,D,B,228.99749092353088,-129.72765244929562,E,19.531352204651988,84.37767618916806,-114.29750840692263,1
51-65,Bisexual,M,Non-Veteran,E,C,B,C,31.06460372207061,-26.6195637759881,C,-98.88083306874972,-13.434175603209273,8.248325698015789,1
18-25,Heterosexual,F,Yes,C,B,D,E,-247.48412508560685,-261.16054257040673,B,-117.76755776282725,93.48592421578746,-80.82370197240245,0
18-25,Bisexual,M,Non-Veteran,D,A,B,B,89.5778231575577,-3.093405036042768,A,-68.53352795282615,-171.40353101451805,29.187170502919678,1
36-50,Heterosexual,F,Yes,C,C,C,A,51.86135442050097,79.86164459123935,E,45.060399387670294,21.86362513991008,-55.38293459114261,0
65+,Bisexual,Other,Non-Veteran,A,D,D,A,51.62447435239726,103.44864685126076,E,-7.2252872031482855,-172.48018009362823,194.53287198099483,1
65+,Homosexual,F,No,C,E,D,B,34.717288088823466,155.90124437673856,C,18.826373981703824,-20.770990338013267,45.99205191315469,0
51-65,Heterosexual,Male,Non-Veteran,E,D,A,A,39.507165164605816,-137.65041279362094,D,-65.72854259356711,89.59575335035565,44.33324411013927,0
36-50,Homosexual,Non-binary,No,E,C,E,A,92.2655130174038,55.232386197839446,C,-57.03966788352906,-131.56870723861277,63.47150598581399,0
65+,Heterosexual,Other,No,B,D,E,D,28.87484822694465,-81.6893877509114,C,122.16500118869223,20.374956060546207,-98.85661957122245,0
18-25,Other,Female,No,A,A,D,B,83.14733998567904,48.658224999108214,A,-51.5787942418705,-29.933929197831116,-156.0663296147878,1
26-35,Bisexual,Non-binary,No,E,E,A,B,159.68380983680083,-22.114073706563588,D,5.557426699153751,58.8869731793528,-95.81684318244467,0
36-50,Other,F,Veteran,B,C,E,A,-90.81833776959553,18.242747930003368,E,-1.325797861831928,-45.57318078237801,32.22504282016383,1
65+,Homosexual,Female,Non-Veteran,C,E,A,B,40.96108480645311,99.91516219982086,C,118.51023230806084,67.97422389078521,70.60375621426472,1
51-65,Heterosexual,Other,Yes,B,C,A,A,-172.1129789570571,-40.85793067835982,D,-113.20313765464374,22.14727889530215,30.399620320985733,0
26-35,Bisexual,M,Yes,D,C,D,A,-75.11249597601613,20.54379401753006,B,149.98780260251286,147.81307638349688,-23.196464176363563,1
51-65,Homosexual,Other,Non-Veteran,E,C,B,A,-74.71844993358042,171.2235020667767,A,63.07377170793039,-133.0351678615761,7.891539150008723,1
65+,Homosexual,Female,Veteran,D,B,A,E,-105.68351376608479,-61.12964443113521,E,114.32136823401409,102.96250882015727,104.2394831400649,0
36-50,Homosexual,Male,Yes,A,D,C,D,-59.554155955874265,-89.16664662275923,B,58.12667035040984,28.70748628167031,63.12025765650161,1
26-35,Other,M,Non-Veteran,C,A,D,D,-70.252619359633,104.26221526913196,E,6.1840842273733205,-99.99663253526904,168.74042676156492,1
36-50,Bisexual,F,Yes,B,D,D,A,83.07525403390181,103.12973194452518,D,-64.36990857919581,77.20945446237172,3.2776355564627586,1
36-50,Bisexual,F,No,A,C,A,E,-166.7056021359011,85.27899241607044,B,206.1280470652236,-2.0421995779559188,-6.614609985372964,1
65+,Bisexual,Other,Yes,E,E,B,A,101.08779936174473,65.7838726602042,A,-31.161732627220655,-85.28889924254524,-97.1141808264829,1
36-50,Heterosexual,Non-binary,Non-Veteran,D,B,D,D,16.667260620865004,178.35022955990502,D,106.91077992240028,74.05295782110004,-168.65303802048425,1
36-50,Heterosexual,Non-binary,Yes,D,B,C,B,100.44386689918761,36.99451273260152,B,108.62521546634191,38.93637759876652,-117.35924450658943,1
51-65,Other,Male,Non-Veteran,E,A,E,D,149.27142746930795,89.11882189043281,B,130.21104393099478,77.6752445574762,-4.1813330169783045,0
51-65,Heterosexual,Male,Non-Veteran,B,C,C,A,21.012358663521574,87.11662695574329,B,-157.66503849324945,-152.61140978440662,107.64343072976517,1
18-25,Other,F,Veteran,A,C,E,E,133.55123753562805,147.02628213445595,E,-46.007005595428424,-48.90973588438617,-90.55663464282229,1
18-25,Other,Non-binary,Non-Veteran,C,D,C,A,204.1769629750863,-95.49052570013443,D,-3.0803340738625065,163.26102584744183,-87.0937251783158,1
51-65,Other,Other,Non-Veteran,E,A,B,E,69.01376348587979,7.607241738760467,A,110.85595971786249,77.70228436124903,81.85868479538148,1
36-50,Other,Female,Yes,C,E,D,C,4.836418503942665,-40.93582873267576,A,20.693961970628784,75.49002149064152,38.2073320083751,1
51-65,Other,M,Non-Veteran,E,D,B,B,-36.40525783057678,59.106438400974305,C,121.20094212826673,-200.18986231430827,138.85580446577453,0
51-65,Bisexual,F,No,A,B,A,D,-158.24326702594166,-10.129100852805944,E,101.39332244878008,-10.011073149286869,-205.03830524135589,1
65+,Homosexual,M,Veteran,B,C,A,E,117.79820037840148,62.6365120277857,E,-105.71739675894585,-47.51346217682356,14.653548127358254,0
26-35,Bisexual,Female,No,B,C,E,A,-113.0021474398756,-62.82948272209611,D,35.22347958798664,-96.6326313750629,103.31714809625745,0
65+,Heterosexual,Other,Non-Veteran,A,C,C,C,119.92280539134921,2.0623411104370977,A,115.76687725826761,-41.104975752003064,83.56109524657137,1
26-35,Other,Female,Non-Veteran,B,A,C,D,72.79949870509238,87.9854229922903,D,-56.577398170996,-5.716141627649703,-188.08929477088233,1
51-65,Other,Female,No,E,D,E,E,-127.92945009474224,157.99291574921173,C,30.63482423988474,-47.097608833589575,18.0988929678204,1
36-50,Other,Non-binary,Veteran,E,C,D,E,35.306467533834486,241.8737406901703,D,43.46937886695122,192.535292796733,267.8182383844489,1
51-65,Homosexual,Other,Yes,B,C,E,D,79.82777948802355,-120.60459222222306,A,3.7377172068692546,165.59739374341513,-179.39116149925513,1
65+,Bisexual,F,No,E,B,A,D,47.734616220275825,-19.14388843533208,A,-4.6988372916113725,-202.0403400806456,24.187256972081112,1
65+,Homosexual,Male,No,A,A,D,E,-37.04878434878858,11.466912008424762,B,-49.28236418985549,127.32963473848335,201.40954100868746,0
18-25,Homosexual,Male,Non-Veteran,A,B,A,B,-45.169457440743976,-235.3733456677066,E,-26.47741134146579,225.8636500020237,112.38587686709968,1
26-35,Heterosexual,Female,Non-Veteran,B,B,B,C,11.671707021322185,-106.3152267244202,D,-72.93054751968745,-39.7802930230884,-47.49236065028766,0
26-35,Homosexual,Non-binary,Non-Veteran,B,C,E,D,112.04724359503201,59.17862292918169,B,-46.77369002137581,-43.73675544382703,96.33822670075332,1
18-25,Homosexual,Male,No,A,C,C,C,-15.862575756859554,-41.434328388039276,A,-87.17769674753994,82.84106735819265,-27.239692657232496,0
65+,Other,Non-binary,Veteran,A,A,A,A,31.645585108641328,-44.32338512212331,D,-113.89637416403025,27.500123267934605,-118.98585282925312,1
36-50,Heterosexual,M,Yes,D,B,C,D,-60.894359714840284,-131.16956573605782,A,41.55894131434169,66.70409704112038,194.6673095475464,0
26-35,Homosexual,Other,Non-Veteran,B,C,D,A,83.02681559711017,113.89529513009215,A,-58.56915862860317,-94.53124659478101,266.47407592638024,0
18-25,Homosexual,Other,Non-Veteran,B,D,A,A,37.24786975851241,231.96627705264578,E,-171.43994124554095,103.44106388027437,123.65720773024043,0
26-35,Homosexual,Other,Veteran,B,C,C,B,111.70280105623662,-35.063017677507816,A,173.28244408438186,-114.74243788061769,-8.456397437755534,0
26-35,Bisexual,Female,No,B,D,A,D,-32.92723733228271,18.332519118507925,C,-86.33929348968935,-92.95952625978887,53.204937572382924,1
36-50,Bisexual,F,No,B,B,B,A,93.3097828476708,-25.871728338332993,A,121.99022933407136,33.20702613231863,90.03095971687624,0
36-50,Homosexual,Non-binary,Veteran,A,A,A,E,-45.539141119719,138.30658626649546,E,-144.93141163244508,17.423220486768844,-55.64581202988694,1
18-25,Bisexual,Other,Veteran,B,C,B,E,-102.67470633716601,-14.798499311254554,A,-80.15085124206576,74.73635242492603,190.18431981572505,0
36-50,Homosexual,Male,Veteran,E,B,E,C,-32.864782104467096,111.1368815098697,A,104.0768838933086,-53.65164484024265,97.03267561681558,0
36-50,Other,M,Yes,D,B,E,E,26.776939232505054,-24.069200375540866,B,-53.56504426018088,-25.94868329904905,-123.8722974865652,0
51-65,Homosexual,Male,No,B,B,D,A,11.321198364272366,73.34595655385513,C,-65.35619113551941,12.043409894250182,123.64266730457152,1
51-65,Bisexual,Non-binary,Non-Veteran,B,E,E,C,-73.65470431504272,62.00200769070066,D,84.54400465518808,30.039727898028758,-169.517886346523,0
26-35,Heterosexual,M,Yes,C,B,E,D,-23.645357875060835,25.80991806143768,C,13.460896246727428,-167.68430037655645,90.2097926543895,0
36-50,Bisexual,Female,Yes,C,B,A,A,131.08729500621752,47.08812352022474,D,187.28549004502645,3.7766708278288026,153.31142820828407,1
26-35,Other,Male,Veteran,B,E,D,E,-8.796368304448707,-4.095845737930608,D,-69.77400744552543,-62.8266722986595,119.80924357630933,0
26-35,Homosexual,Non-binary,Veteran,B,D,B,B,42.438569065487606,96.32633751493742,E,-33.40606395898498,-244.2166762523708,-43.02920289586556,1
18-25,Homosexual,M,Veteran,D,B,E,A,-133.88876310217188,57.64268923955693,E,-76.58687930553047,-11.77061810613978,37.025382005762836,1
36-50,Homosexual,M,Yes,A,C,A,D,21.603226827372005,-56.62434555655804,B,81.2310218214694,87.99453239847217,-11.287770962575362,1
65+,Bisexual,Other,Non-Veteran,B,D,A,B,21.08546197024505,183.72084144861174,D,2.9008298819676446,119.57436215531175,-186.81408731908246,1
51-65,Other,Female,Yes,D,B,D,B,55.14933432506661,-66.51415786718172,D,208.7514021842946,-91.96495695606095,104.0535806143292,1
26-35,Other,Non-binary,Veteran,C,C,A,B,-40.351255379422724,133.7145918503588,C,5.043265794532173,41.15640886499109,-91.40232346060164,0
26-35,Bisexual,Female,Yes,C,A,C,A,-18.150307592214528,133.58714001180107,C,-194.57704599930884,147.36839880185033,87.94503642877127,0
18-25,Heterosexual,Non-binary,Non-Veteran,D,D,B,C,-68.02756638564809,-41.385636523349866,E,35.24976842253491,263.13463728081945,-117.32717414447524,1
26-35,Other,Other,Non-Veteran,D,E,A,E,82.86427455128403,7.65478962750083,B,59.80334584496752,-69.41923692842835,62.543705882701104,1
18-25,Bisexual,Non-binary,Non-Veteran,E,C,C,D,63.340333675176716,78.71929717473846,B,-102.94786748302482,14.123187226770423,-57.73624842448611,0
18-25,Heterosexual,F,Veteran,A,D,C,D,87.95546769459153,84.65404343360944,D,117.21943319508838,63.692247154967276,-38.18739529775438,1
18-25,Homosexual,Non-binary,Non-Veteran,B,C,E,C,-36.152713476720315,-31.504034626269195,D,-53.35501061168427,79.8694379189565,-58.76929857444361,1
26-35,Homosexual,Female,No,D,B,D,D,12.915671775538293,92.12129950896431,C,-27.689690179923847,-119.11158684274037,-25.740484609933738,1
26-35,Homosexual,Male,No,A,A,E,B,-135.90218096800413,-62.32049891115666,B,-7.25988951489121,-133.27067908669406,40.283007870399004,1
51-65,Homosexual,Non-binary,Non-Veteran,C,D,A,B,-97.57540692887743,-40.462972116421255,C,26.05214202793652,-137.63104055778803,-99.76200761904313,0
26-35,Bisexual,Non-binary,No,B,A,A,D,-10.258258081735027,8.752466660390388,D,118.57564426359797,-82.52649143395176,94.8250788456003,1
51-65,Heterosexual,Male,Veteran,A,C,D,E,11.173825256348247,7.267094507391876,D,23.015290439545755,-39.98803187647397,-35.68405557281466,0
36-50,Bisexual,Non-binary,Non-Veteran,E,E,D,E,22.366546427680444,34.348712341834734,B,38.3404077108774,-21.446184617312934,237.1824788091185,0
51-65,Other,Non-binary,Veteran,B,E,D,E,-93.41786317171535,15.331233453493919,B,-104.65861154266972,171.4474266849775,133.70578300688965,0
65+,Heterosexual,F,Veteran,E,E,D,D,34.078066496068665,0.33683734654514313,E,-79.60526096132861,-160.16280835994263,115.31552645740912,1
26-35,Other,M,No,C,E,C,C,18.168082903323263,104.64826417004487,D,-17.518977066286865,-27.349717095530746,89.91599520265507,1
65+,Homosexual,Non-binary,Yes,D,B,E,C,249.93291157539997,-2.815391141950399,B,68.70680423574066,-40.674495478226255,119.28273057923127,0
65+,Bisexual,Female,Non-Veteran,C,E,C,C,-66.20574415163088,36.630038996837996,B,-25.975356652515064,2.667039449401017,77.5760767648285,1
65+,Other,Other,No,E,C,C,C,34.821865306089585,7.367479017491056,E,-32.38078000345739,40.14608249584713,3.090227552489858,0
26-35,Heterosexual,M,Veteran,B,D,E,A,23.159235229385665,-130.24371565183264,B,-139.6366698828,-183.50870570361252,-117.43848723193724,0
51-65,Bisexual,Female,Veteran,E,A,A,E,13.076935179197305,-19.78712955471106,C,174.00413935313,-115.69638914440645,47.298081287919516,1
18-25,Heterosexual,Other,Yes,D,C,C,A,-57.28086280036009,-2.387967582027754,B,42.96560779721222,-45.92051694175442,63.40838059664853,1
26-35,Bisexual,Female,Yes,D,D,E,D,245.02122869042483,143.20055378131255,A,-34.380912830680565,-22.536051100973413,100.02929085678312,0
18-25,Heterosexual,M,No,C,C,C,C,-83.71565292288366,-154.2016667763593,B,-145.41143448453312,8.113597569634628,-103.07277351793964,1
65+,Heterosexual,Male,No,C,C,A,E,16.370130089105583,52.040725447568214,D,29.21098103929242,-25.564903667685083,-49.50332085789459,0
18-25,Homosexual,Other,Non-Veteran,B,A,B,C,-124.51034171272201,-96.05806973585739,E,128.98008336479185,-122.51854597517857,129.03343800418995,1
18-25,Other,M,Yes,A,C,A,A,-110.64586681696542,-70.34944361481953,C,54.34071869995449,-59.3087519768018,116.17353508067063,1
26-35,Homosexual,F,Non-Veteran,A,D,C,A,-62.226659228602365,172.95315714774122,A,16.706170415410053,40.61207147335091,119.59512577305655,0
36-50,Other,Other,No,E,E,E,E,-169.32248941216258,176.82589838036918,D,-80.26344983789937,84.61582605862692,214.2026554947057,0
51-65,Homosexual,M,No,E,C,A,E,-207.52646488947352,11.724846229394153,A,-44.24851766633936,73.1244239865649,316.1867159499562,1
51-65,Bisexual,Non-binary,Yes,C,C,D,E,-16.001171979932074,-27.488781202037433,E,153.69741078473155,19.732141728131854,-44.36816171577095,1
26-35,Bisexual,Other,Yes,C,A,C,B,1.7754577899310453,-106.9942816598454,B,-31.213074777075654,-55.268829001223594,6.9814213671124365,0
51-65,Other,Female,No,E,B,D,E,-94.0558322732281,-46.38255092821648,C,-173.51223722828803,19.189854676483986,40.15786170172071,1
36-50,Heterosexual,Non-binary,No,C,A,E,B,48.402920684568564,26.60884641475658,E,-38.40703665280732,28.69844849849364,135.04677145783492,0
26-35,Homosexual,Other,Yes,D,D,B,B,133.96341985845456,-131.7457196452526,E,-92.19843341618093,61.293612685224076,-90.6443368575145,1
51-65,Bisexual,Non-binary,Veteran,B,D,A,D,-17.133640756448195,-56.26089655966434,E,94.30064650668447,-285.4328497561522,-69.77011483295891,0
18-25,Heterosexual,M,Non-Veteran,B,A,C,A,17.679785694657316,-208.3147144963517,E,143.09007555897344,-153.85387113238878,-84.9206060001644,1
51-65,Homosexual,F,Veteran,A,C,A,B,17.046715040093282,120.10515280168048,A,81.73510624428334,-97.87719429684483,-10.257222868085634,1
51-65,Homosexual,Female,No,E,A,D,C,135.4503701062393,-87.80767705269898,B,143.94048475411472,87.07719602315268,-10.135089758273303,0
26-35,Homosexual,Other,Yes,B,C,C,A,116.09660863762397,23.51337805222807,C,80.05293655450491,-63.53999614205373,36.73083910247536,0
26-35,Homosexual,M,Non-Veteran,E,C,A,B,20.421190282727764,33.514847045724935,C,12.20952528068376,27.577702914437115,-120.45675784392877,0
18-25,Heterosexual,Non-binary,Veteran,B,C,A,E,-48.51659742155484,62.96009600604631,D,126.51852190761004,-264.8984434117004,-161.89464365911581,1
36-50,Homosexual,Other,Veteran,C,E,D,B,9.729692213887125,24.036621579593128,D,94.9497578996192,33.024536593352614,33.88292894191506,1
51-65,Heterosexual,F,No,D,B,D,B,-57.73685486941715,-49.97691498027091,A,-6.716419895613955,-169.21277294090447,24.42352044372199,0
18-25,Other,Other,Veteran,D,B,A,B,171.62361438248402,-151.812102220281,E,-92.96352545672306,58.90658251352179,-216.7235651623693,1
18-25,Bisexual,F,Non-Veteran,A,B,A,D,-71.14416309031142,-190.12029011217675,B,-142.516333817375,-156.04903424607184,121.20654802741207,1
65+,Bisexual,Other,Non-Veteran,C,B,B,B,142.47451106712103,81.36847982369684,A,-294.34323627224114,181.82587494781225,43.885040718297745,1
36-50,Heterosexual,Non-binary,Veteran,B,B,A,D,79.93950911104457,46.11102349624217,C,53.422910173636886,8.35177738640535,-30.428182973222928,0
26-35,Other,Female,Veteran,A,A,A,D,-129.62408644894825,-34.585314709421446,D,-52.66083392087031,-56.62315185040199,132.57956697944834,0
18-25,Other,Other,Yes,A,E,E,A,65.47891952279431,5.880340337742202,E,59.9995545840661,-37.299987192733845,-75.40115315556777,1
51-65,Homosexual,Female,Non-Veteran,E,B,D,D,-4.570544148397014,-134.01649244763036,E,-217.91145281482142,-22.38198694283256,46.69026535836109,1
65+,Homosexual,Male,No,B,B,D,E,-81.1937084943063,-200.3550069915792,C,-50.82916040783629,-121.32863194667955,191.8260231512859,1
36-50,Homosexual,Other,Non-Veteran,A,B,C,A,87.9613869223476,93.90660078625996,D,-14.032478180719934,-70.61849821544521,-90.3069344650349,0
51-65,Bisexual,Male,No,D,B,B,A,-8.130241879025068,-0.8472468270489827,E,-150.83207752962318,142.13140755625025,29.325315317639156,1
51-65,Bisexual,F,No,C,E,A,E,28.552721656313274,65.70345611645588,E,22.102056339466657,-31.047503469438247,15.804400595782983,1
36-50,Other,M,Veteran,C,C,E,B,-96.2763217096788,-222.06051103595854,A,38.91068099447111,-38.84411040216999,37.67926024446985,0
51-65,Heterosexual,Female,No,C,D,B,A,-102.52090748215754,-71.45441000784459,A,-7.730624917659921,-20.601814726670476,12.34653721706153,0
18-25,Other,Female,Veteran,C,D,B,A,94.90572931884347,-107.50216783233357,D,-14.186136892337423,166.60697822507203,81.41430707317431,1
65+,Homosexual,M,No,D,A,C,A,30.90362393522184,-109.89935539873194,D,-9.602010757494972,134.03187029776998,72.00127358948853,1
26-35,Homosexual,Non-binary,Veteran,D,D,B,B,49.161917710267716,5.12723422679176,C,67.75152228558689,188.5536985910238,-88.04300200286403,1
36-50,Other,F,Veteran,C,D,A,B,71.52460322400745,-92.66611385657122,C,-170.6573067357867,48.85498058741638,90.12255374331465,0
18-25,Bisexual,Male,Yes,E,D,B,C,94.66003270704016,-59.094565023122904,B,-11.193158136715809,-86.11928803274232,-66.73581107598953,0
18-25,Homosexual,Male,No,B,C,E,E,198.79170074075057,139.9560983622794,D,50.13575362745,7.729249785233525,1.0011580548177186,0
51-65,Heterosexual,Male,Yes,B,C,B,A,92.90560372156442,-19.048061525918992,B,147.3538052600262,-59.474933822639976,-81.2120454257561,1
65+,Bisexual,Non-binary,Non-Veteran,A,D,B,D,23.04293538480057,-46.512625092138336,B,0.6291800514678967,-19.043013753540794,-120.33131935408225,1
51-65,Bisexual,Non-binary,No,A,B,C,D,-112.14558265854795,49.0809089089832,A,-83.37052964469818,47.779869333975654,19.985992266805024,1
65+,Other,Female,Yes,A,C,D,B,14.894556886367708,-102.09995892594057,B,-102.05517794899556,59.95977250568993,-47.82268258196165,1
26-35,Heterosexual,Male,No,C,C,A,E,-56.93886375141701,-210.68405522383924,A,-118.65967503550445,12.230117532564087,-50.665090026284574,1
51-65,Heterosexual,Other,Veteran,D,C,E,A,44.510014263847566,72.06024569233658,D,-48.37092069850178,126.20445000435332,-119.97913340529168,0
18-25,Heterosexual,Male,Non-Veteran,A,D,C,D,80.89794657529885,55.39497136108326,D,95.07347360477092,-204.51856854005564,-22.658333940035728,0
18-25,Homosexual,M,Veteran,A,A,E,A,290.0163547821058,140.14267284227034,C,54.24888873019474,20.879496667209615,145.58608930370653,0
26-35,Homosexual,Other,Yes,D,D,C,A,89.60624833586903,-77.46493959630776,C,4.278593299568549,-21.52543153406651,-20.249622967670724,1
65+,Homosexual,Other,Yes,C,B,D,E,174.3273968554105,126.17995847268695,C,78.34146483268503,7.546460129203347,-40.86394751022233,1
51-65,Homosexual,Non-binary,Yes,B,E,E,B,163.76608225027255,26.027595894430107,B,18.096049093228473,129.6315742788045,149.7510557954226,1
18-25,Other,Female,No,B,D,D,E,23.94295107229742,-60.07897980996751,E,-62.920431318901514,191.1516765645387,-79.11140852181565,0
65+,Bisexual,F,Non-Veteran,C,D,D,C,-59.22706453114219,-103.47057041227788,B,-8.373649157933722,126.00060835057121,-22.212876102391878,0
18-25,Other,Other,Non-Veteran,C,C,C,C,-104.61549261174588,51.842189451952656,B,28.176336988494143,-51.61119636887078,45.86611869682199,1
18-25,Bisexual,Female,Yes,D,A,E,C,-263.44766833396545,28.119037374739868,C,-169.4745314324805,117.16806340103898,80.99160793010736,0
51-65,Homosexual,M,Non-Veteran,B,B,C,D,100.0828703617405,-22.32212538328873,D,82.7549621589367,-183.68342760273669,-106.43043203448892,0
51-65,Homosexual,Female,Veteran,E,A,A,A,-21.303186393048506,-192.06352054862913,D,8.679519385057938,-45.97153599067985,-26.332357603947454,1
36-50,Other,F,No,D,C,E,B,-29.747373145829027,61.558108753164994,B,211.89028693159875,-157.1465927892669,59.86678420592577,1
65+,Other,Other,Yes,A,D,E,E,-6.0644121929630765,-0.8675962306957077,D,-29.922253435720297,-96.86109411763164,-142.77683578797274,1
26-35,Homosexual,Female,No,D,B,E,E,-184.059097285756,-0.7096273518749207,B,25.58273986003784,155.21965194403498,94.24391383460663,1
26-35,Other,Male,No,D,E,C,A,78.91907511525191,-38.90955138886244,D,-15.488547545540083,109.55801505128491,-144.03595418395753,1
26-35,Heterosexual,F,Non-Veteran,D,A,B,B,-53.85314619423271,1.6197652912928957,B,70.5945315174057,-40.41982387074475,4.3969722467020285,0
26-35,Heterosexual,F,Yes,D,A,B,C,102.24909662684402,-21.00391168726871,B,35.44314409156183,-27.705786021750445,-28.615706430465508,0
51-65,Heterosexual,Female,Veteran,C,B,C,C,-2.023325980562194,189.66197339206653,E,225.30601918151635,7.3692296465757225,84.34685873660388,1
51-65,Heterosexual,Male,Yes,D,B,B,E,8.59645876213413,87.93393766755361,B,-63.1503723569671,-179.3391539430023,48.19131472224637,1
18-25,Homosexual,M,Non-Veteran,D,D,E,E,-43.65459244256177,-6.5431494585678,B,59.09163015652644,-24.685333719425724,-23.02535731069692,1
51-65,Other,F,No,C,A,D,A,323.74042253023777,-22.936566870867985,D,-98.15649330716671,81.67482290415307,89.20550667193311,1
65+,Other,F,No,A,B,D,E,-169.36811055198677,-19.019590749442905,D,0.35591289772099577,97.11818949314112,98.36973432704325,1
18-25,Other,Other,No,A,B,E,D,101.30233971656493,-63.952035776285975,E,-3.6284098291640374,62.15122324401881,-105.77325346976308,0
18-25,Bisexual,Female,Veteran,A,B,E,E,-57.43715743134402,34.80033742464489,A,170.825934598093,-134.0798407004651,72.09293816488443,0
51-65,Bisexual,Non-binary,Non-Veteran,A,A,E,D,-33.44109784929175,50.11902955401008,E,-1.2145130628951264,33.65491633247243,-207.63522068245237,0
18-25,Other,F,Non-Veteran,B,A,B,D,64.89496477446335,-60.88712504052235,D,-129.4177144073809,-70.44128401064017,-63.76828379605506,0
36-50,Heterosexual,F,No,B,D,C,A,-147.23820393034225,-27.89655976110848,A,-167.2070376699124,13.316467625630551,-140.92361911937428,0
36-50,Bisexual,Other,Veteran,E,A,A,D,-21.055834135090514,52.91565385443666,B,-10.898906114283193,-93.0734722297948,-40.02134508386471,1
36-50,Heterosexual,Female,Yes,E,D,B,E,-131.45256963364722,-152.78908949830017,C,110.61821566748569,-206.50223760957084,-41.96173979284655,0
65+,Other,Non-binary,Non-Veteran,E,C,C,A,68.37295904905093,-63.7346593609408,E,38.535079619201575,-12.315479470847489,-5.619600656012571,0
26-35,Homosexual,M,Veteran,C,A,D,B,3.380095235208004,12.356451239313731,E,72.15079367337383,-24.956867016034483,-58.319516954874274,1
18-25,Heterosexual,Female,Veteran,A,A,D,E,-9.469091029334429,-125.51282866377105,C,33.70907263717757,-192.2249097841961,99.2827382564123,1
51-65,Bisexual,M,No,E,A,B,E,90.14807033132138,-54.61911253705749,C,142.8233994956515,121.10439891645035,-14.234109580775577,0
36-50,Heterosexual,F,Veteran,C,C,C,B,-25.231276029108194,2.107598829376327,A,-36.4783621728274,44.740115631626956,-74.37077715027924,0
36-50,Homosexual,Male,Yes,B,A,C,A,-27.8101772160326,65.41878879701706,C,-188.76632804462724,-10.316751809270608,44.11449012938566,1
18-25,Homosexual,Male,No,A,E,A,B,-4.639814161616397,-31.328917573331722,B,167.8808785492399,52.83081214259718,114.16722500067888,0
36-50,Heterosexual,Female,No,A,D,B,B,-20.904019822478446,-136.59168140299144,A,47.08126381861136,-73.09094460257725,-56.78080212069456,0
51-65,Heterosexual,Female,Veteran,A,E,A,E,-9.510015752240388,219.20672762743902,A,135.7110926959594,292.619625597376,-97.1326488283193,0
36-50,Heterosexual,F,Yes,A,B,B,A,131.75565491712976,-131.7523965836885,A,36.8451452266022,-82.83695561711485,-13.893894065998207,0
65+,Other,Non-binary,Non-Veteran,D,A,D,E,74.10099000085799,-3.449770579763263,A,11.257415467811555,-5.415746773351456,89.37055574002932,0
65+,Bisexual,Other,No,C,B,C,D,-73.89832637056264,61.17126807997988,E,-315.36671561148705,17.083964841524914,-24.767946739561257,1
36-50,Heterosexual,Female,Veteran,B,B,C,D,97.00098065429793,113.49857449608179,B,133.23255724084672,-192.20547387176322,-12.696902466293707,0
51-65,Other,Female,Veteran,C,D,D,D,56.78938735775551,-101.59137615710465,C,105.83894684763347,-25.44817220137954,5.581180728992401,1
51-65,Heterosexual,F,Yes,E,E,E,C,-50.59783121677627,113.24491708197057,E,165.4537675425152,53.37677922505054,-34.27199018854011,1
26-35,Heterosexual,Other,Veteran,B,B,B,E,-48.02663657317334,11.592327691968993,E,-123.97873074966037,97.92803907872327,-48.655149632127326,0
51-65,Other,F,Yes,E,C,A,A,165.2755419222593,45.36417403014161,D,28.075227730687857,3.7834428057631846,23.02732403509206,1
51-65,Bisexual,Male,Yes,D,C,D,A,-100.028818997246,49.59310604145053,B,7.618157498636298,-134.1529569679892,-7.195489356227933,1
18-25,Other,M,Non-Veteran,D,E,D,B,-91.93096058296118,129.2823679825183,C,97.91020831429563,-77.7852130598523,162.97044303339723,1
18-25,Heterosexual,Male,Non-Veteran,C,E,C,B,68.05089190642303,26.08247737485541,A,-119.48236529609588,43.58086591843829,-133.879843044902,0
18-25,Homosexual,Male,No,A,D,E,E,38.08464633120283,-55.60169950373849,D,50.9888608032804,-18.790186701302,37.65474233127243,0
51-65,Homosexual,Male,Yes,D,B,C,A,-99.4554612853564,-81.92777515386352,D,-126.33037531748958,-7.316090377589123,114.83580572070132,0
65+,Heterosexual,Non-binary,Veteran,D,B,B,E,97.56400936134895,-84.62298472110068,D,106.61808966544211,-171.21812757074113,-166.2930345632858,0
18-25,Heterosexual,M,Non-Veteran,A,B,D,A,-141.52519292235442,132.2639165713597,D,-7.1505773923522105,0.9514869165387223,-203.02990426193733,0
36-50,Homosexual,Male,No,C,D,E,B,158.07998911205482,178.8158615067487,E,-138.64970020909453,5.721488145467106,140.0536352985984,1
18-25,Other,Non-binary,Yes,D,D,A,C,-65.96989914386802,-121.51750785724718,D,-17.712998154578585,37.35534643198401,-135.25189455788293,1
26-35,Bisexual,Other,Veteran,E,E,B,C,-26.600547862003637,-98.2528007017298,C,-28.93430056886897,-116.93659480607272,-52.76147672369208,1
18-25,Homosexual,F,Non-Veteran,A,B,E,C,-46.706975783509584,222.69449351812986,E,8.758361964070497,-34.841061385572665,-182.94005097410846,1
36-50,Heterosexual,F,No,B,C,E,B,-90.78398745986091,58.96070805576139,C,-86.87741710157877,-122.65364663908443,49.268083822700795,0
36-50,Other,M,Yes,B,E,E,A,-187.59643543847451,177.84353548569695,A,-75.03167863437562,109.67563074667628,-15.408729749437189,1
26-35,Heterosexual,Other,No,E,C,C,B,-36.616657182810876,28.410604173119104,A,77.5846099662735,44.38986231140634,14.261279598887356,0
51-65,Bisexual,F,Veteran,A,D,D,B,58.7194508654301,238.04261522230843,B,121.30918719280169,1.4114690451837528,28.84457936368105,0
51-65,Bisexual,Non-binary,Veteran,D,C,B,E,-70.75614258390847,164.9893733709372,E,11.81748966286653,-55.79106608539362,6.7092258641689,1
51-65,Other,Male,Veteran,B,A,D,A,78.3788863341363,-40.13111841565827,B,-136.4078143924939,-30.387700260899113,43.57748334460737,0
65+,Homosexual,F,No,A,D,B,B,136.36116282554826,8.612565788586265,D,-57.96766055391892,121.33854769310763,-85.07589030088997,1
18-25,Bisexual,M,Non-Veteran,A,A,D,C,113.05869278029763,-76.73700246878184,A,57.884874173862244,35.16549049122829,28.720357960731086,0
36-50,Homosexual,Non-binary,Yes,B,D,C,B,57.92819375099337,-128.4128533805324,E,99.17001454612847,-12.787392897453065,-153.4540323935599,0
51-65,Other,Non-binary,No,E,B,A,E,-55.481037081219085,-15.8287434545899,D,-34.74201423969369,-76.4638124933954,185.07412740493493,0
36-50,Homosexual,F,Veteran,B,E,B,D,-3.8954071824102403,-57.76043685013077,D,41.52215302873336,-308.39279403830824,-30.27091191799191,1
65+,Bisexual,M,Yes,E,C,C,C,65.27988943624472,-31.11040578476721,A,22.14931773817481,-26.02878283802612,-82.75314217758003,0
18-25,Heterosexual,F,Veteran,B,B,C,E,-40.60092166914707,157.61061751621358,B,119.28614724409074,134.5833479355616,-70.44897630578158,1
18-25,Heterosexual,Other,Non-Veteran,C,A,E,A,-195.3529459921184,121.83992418677818,D,-73.68057144200122,62.095601677350274,160.81536285986365,0
51-65,Heterosexual,Non-binary,Non-Veteran,A,E,E,B,-40.851430087140464,4.536154811551476,A,11.644782662220175,-183.88075555781677,103.23082375065876,0
65+,Other,Male,Veteran,D,D,E,E,-146.91718019095623,39.124569388297544,E,137.91399689880376,74.7221288284263,-70.04462524580296,0
18-25,Heterosexual,Male,Yes,E,E,C,B,-3.897385925655598,56.43320610004792,B,-33.57997027309416,44.15157416235388,147.05524083109512,0
65+,Other,Non-binary,Non-Veteran,E,D,C,D,58.034556285477315,115.02309591368136,B,-26.270082846492425,16.325520345771455,16.133628641531573,1
51-65,Homosexual,F,Non-Veteran,D,A,E,D,24.291414148531253,-13.240054434793777,E,5.321380434787575,-39.184023745904504,-45.69640350950807,1
51-65,Homosexual,F,Veteran,A,E,B,B,28.83954445872593,117.39930574356458,B,-96.5315283187432,-48.237234805383736,2.411472270260426,1
51-65,Homosexual,M,Non-Veteran,C,C,C,B,-70.86031930868127,19.917965554963814,D,-77.05960676421978,-183.5968575222317,202.95826012084035,1
18-25,Homosexual,M,No,B,A,C,E,22.9749332262318,41.322086807681224,C,36.95608970141938,76.44342451106711,-47.08794319472467,1
36-50,Heterosexual,M,Non-Veteran,D,D,E,B,76.86467343912507,168.00387367837286,B,54.319310027478885,239.37904819176282,15.688022380756768,1
36-50,Homosexual,Non-binary,Non-Veteran,A,C,B,B,-50.91548769741758,9.866896437032013,B,-5.867889396568564,127.40219386451481,111.37146028339096,0
36-50,Other,Male,Non-Veteran,A,E,C,A,-57.17445855708255,-146.64535998889673,C,-97.01149035599171,112.83654056847034,78.02583885662528,0
18-25,Bisexual,F,Veteran,C,E,A,B,-37.017231607260754,260.2267154889388,A,-205.06254782764208,56.77322776396855,118.1895719018834,1
65+,Other,Female,No,C,C,E,D,197.22161253837768,0.09112794491876505,B,22.94191405122588,-77.60105391459514,59.70995053358451,0
36-50,Bisexual,Other,Non-Veteran,D,B,B,D,44.846842758271826,49.325552379566254,D,147.14275678766907,19.268341877045355,87.25259304073106,0
36-50,Homosexual,M,Yes,D,C,C,D,-93.90939428925206,35.80489918425408,A,139.41162557830157,-125.21606862845516,123.98953154557606,0
36-50,Other,Male,Veteran,D,A,E,E,-26.22596584236757,191.2525614278294,E,98.44260938177791,-15.591512419178752,-62.05664014216126,0
65+,Other,Other,Yes,B,D,E,B,5.571512225032986,85.34338994222519,D,-157.51501602054788,15.599905626945947,-83.82214277584046,1
36-50,Bisexual,Other,Veteran,A,A,B,A,-13.220311043430735,54.585363285094445,E,-126.38244021875944,60.138691808018606,-75.72682740395675,1
36-50,Other,M,Yes,E,C,C,D,122.80762477901361,-67.73812425606728,D,155.97130928783994,-89.7556203863486,44.1348992770047,1
18-25,Homosexual,Female,Veteran,B,C,A,C,15.463467750993608,-68.87407290116387,B,43.8536200736252,5.9651862446585024,-93.33230987904972,0
36-50,Bisexual,M,Veteran,A,C,A,B,-20.775188814212143,145.34136796918483,C,165.99059133072763,209.57751860800548,18.481912298635766,0
36-50,Bisexual,F,Veteran,A,C,C,A,-63.74720189517271,-27.529069189935555,B,71.11244164993755,7.892015928957541,-83.49205199901193,0
36-50,Homosexual,Male,No,B,D,E,B,119.3188099781306,-20.14222961797506,C,121.16261921353019,12.007404755929317,-104.2462367990671,0
18-25,Homosexual,F,No,C,B,D,C,-147.08200232393312,-105.12692034764537,C,-71.79496080761358,-14.827432588843795,-110.38466294835123,0
18-25,Homosexual,Female,Yes,C,C,C,E,-139.88732978828105,-26.4944321430263,D,-101.95725000079827,-10.426995367312875,14.722733276984739,0
18-25,Homosexual,Male,Yes,C,B,A,C,11.062977023927806,76.30637797335645,E,-176.9098166714511,44.32873618415212,-13.63540794495697,1
51-65,Other,Non-binary,Veteran,E,E,C,B,-15.910786141060326,10.588287053885534,B,175.70014951690524,-33.467132133718884,7.983794870904751,1
51-65,Homosexual,Male,Non-Veteran,A,B,E,E,-58.14950394593544,61.28078856752317,C,-162.1683031595712,-103.75707919605634,51.95173997439312,0
26-35,Homosexual,M,Yes,E,A,C,B,-44.230418536940476,-64.56231464504253,B,-158.48288058295296,-238.23028541875843,-135.43592567139368,1
18-25,Heterosexual,F,Non-Veteran,E,A,E,A,-52.09169406682095,51.704220200084535,D,-44.76355048888614,107.93220332283727,-123.9650408482716,1
51-65,Heterosexual,F,Non-Veteran,D,C,E,B,-136.67545097593302,-36.17847364260066,D,109.62926363200512,121.5758817394278,-10.570701267835018,0
51-65,Homosexual,M,Non-Veteran,E,A,C,E,-131.3376817035626,220.1372297344363,E,35.6046259068145,-4.377654483830941,51.627763823925044,0
26-35,Other,Female,Non-Veteran,B,B,B,C,99.11425205209845,179.3987569531676,E,36.91497792165849,-44.72477470179416,-121.89590523823817,1
18-25,Bisexual,Other,No,E,C,B,C,127.0474293332819,-45.89713381849164,C,-86.72901475746642,-114.17080884129464,62.70790912025711,0
26-35,Bisexual,Non-binary,Veteran,D,A,E,C,131.19525015817595,-137.35102450211377,A,-72.67835572804057,-59.640496465811275,42.61731786833045,1
51-65,Other,Non-binary,Veteran,D,D,D,D,28.348477375172827,87.52390729391213,C,33.125716583467735,-83.67804100108667,-118.19423287014217,1
26-35,Bisexual,Male,Non-Veteran,D,B,A,B,-24.14375959221863,-168.25818158185203,E,316.45828811107776,211.2361344847544,-8.683212257468895,1
65+,Bisexual,M,Veteran,A,B,E,A,-40.26402105707368,161.40691952075136,A,0.13125427809387744,146.2102833528151,-10.737497171743826,0
18-25,Bisexual,F,No,A,E,C,E,-11.333667569529801,-168.64388695858645,A,-118.18033287889055,1.0569542950575133,-267.2390925064362,1
36-50,Heterosexual,M,Yes,A,D,B,A,-24.81633266209812,-103.00442525236977,C,11.71399087602509,34.39648922497549,-4.660851541131246,1
65+,Heterosexual,Male,Non-Veteran,A,C,A,E,-178.27233862744293,183.6729579431587,A,-16.148385483433067,34.16508858307173,-56.55301325416626,0
36-50,Bisexual,F,Non-Veteran,D,C,B,C,-184.29200507941502,97.18563716654273,C,88.82775593649636,-145.8391290946368,-78.51890554133341,1
36-50,Homosexual,Other,Veteran,D,A,A,D,-37.61509116475396,-88.01874594312501,D,21.420334763603964,-19.083895230153953,-52.459382887626795,1
65+,Heterosexual,Other,Yes,A,D,A,B,14.485653508752074,13.7531983808211,B,-33.229418929729505,-118.34157183576568,-51.96337636892201,0
26-35,Other,Male,Veteran,E,E,A,D,69.29931233603315,56.324546722412094,D,144.00847400819526,16.837274990174418,-38.765078148363195,1
18-25,Bisexual,Other,Veteran,D,C,A,C,117.85925174770226,138.54209045057445,A,-55.28628213540529,64.68964939146983,1.8759468888202326,1
36-50,Heterosexual,F,Yes,D,D,E,D,-106.32364512071781,-125.45945594042587,A,-34.524894102214255,45.58001359761094,-100.4374138145987,1
65+,Bisexual,Female,Non-Veteran,A,E,A,C,-9.079465285320492,23.76022083819906,E,-30.812868567232847,14.162001183519932,-33.927854002342876,1
51-65,Heterosexual,F,No,E,A,E,B,166.97188547382544,98.7048013232874,A,39.96677854314459,24.989637523205815,-51.097587537107415,1
36-50,Bisexual,Female,Veteran,E,C,B,D,212.98435613232917,-62.95864366321313,B,-177.33706884391992,32.554558351052314,-87.62342663498004,1
36-50,Other,F,Veteran,D,E,D,C,-130.6655715704167,-27.870436002550562,B,-182.54843099374293,59.10209855999471,-132.99560972581753,1
36-50,Heterosexual,M,No,A,B,B,A,-107.77565211875391,141.3048019731605,D,107.95056034734327,35.347596834719674,7.026643316073051,0
65+,Heterosexual,M,Veteran,A,D,E,C,79.01710194221691,65.08068168634195,A,-52.88132482649962,-94.83273007129216,170.6188329419569,1
36-50,Other,Non-binary,Non-Veteran,B,D,A,E,-74.17597210061787,109.85177840484108,D,-47.71212601084151,32.17203407578103,-6.242636588057573,0
65+,Other,Non-binary,Yes,C,A,A,B,-153.51825308173207,-2.758152138317557,B,-155.2650949698556,20.73847739552382,-237.82813063293796,1
